Country,Rank,Score,Support,GDP,Health,Freedom,Generosity,Corruption,Year,target,target_n
Switzerland,1,7.587000000000001,1.3965100000000001,1.34951,0.9414299999999999,0.66557,0.41978000000000004,0.29678000000000004,2015,Top,4
Iceland,2,7.561,1.3023200000000001,1.4022299999999999,0.94784,0.6287699999999999,0.14145,0.4363,2015,Top,4
Denmark,3,7.527,1.32548,1.36058,0.87464,0.6493800000000001,0.48357,0.34139,2015,Top,4
Norway,4,7.522,1.459,1.33095,0.88521,0.66973,0.36503,0.34699,2015,Top,4
Canada,5,7.4270000000000005,1.32629,1.32261,0.9056299999999999,0.63297,0.32957,0.45811,2015,Top,4
Finland,6,7.406000000000001,1.29025,1.31826,0.8891100000000001,0.64169,0.41372,0.23351,2015,Top,4
Netherlands,7,7.377999999999999,1.32944,1.28017,0.89284,0.6157600000000001,0.31814000000000003,0.4761,2015,Top,4
Sweden,8,7.364,1.33171,1.2890700000000002,0.9108700000000001,0.6598,0.43843999999999994,0.36262,2015,Top,4
New Zealand,9,7.2860000000000005,1.2501799999999998,1.3196700000000001,0.9083700000000001,0.6393800000000001,0.42922,0.47501000000000004,2015,Top,4
Australia,10,7.284,1.33358,1.30923,0.93156,0.6512399999999999,0.35636999999999996,0.43562,2015,Top,4
Israel,11,7.278,1.2285700000000002,1.22393,0.9138700000000001,0.41318999999999995,0.07785,0.33171999999999996,2015,Top,4
Costa Rica,12,7.226,0.95578,1.2378799999999999,0.8602700000000001,0.63376,0.10583,0.25497,2015,Top,4
Austria,13,7.2,1.33723,1.29704,0.8904200000000001,0.62433,0.18675999999999998,0.33088,2015,Top,4
Mexico,14,7.187,1.02054,0.91451,0.8144399999999999,0.48181,0.21311999999999998,0.14074,2015,Top,4
United States,15,7.119,1.3945100000000001,1.24711,0.86179,0.54604,0.1589,0.40105,2015,Top,4
Brazil,16,6.983,0.98124,1.2328700000000001,0.69702,0.49049,0.17521,0.14574,2015,Top,4
Luxembourg,17,6.946000000000001,1.5639100000000001,1.21963,0.91894,0.61583,0.37798000000000004,0.28034000000000003,2015,Top,4
Ireland,18,6.94,1.33596,1.36948,0.89533,0.6177699999999999,0.28703,0.45901000000000003,2015,Top,4
Belgium,19,6.937,1.30782,1.28566,0.8966700000000001,0.5845,0.2254,0.2225,2015,Top,4
United Arab Emirates,20,6.901,1.42727,1.12575,0.80925,0.64157,0.38583,0.26428,2015,Top,4
United Kingdom,21,6.867000000000001,1.26637,1.28548,0.90943,0.59625,0.32066999999999996,0.51912,2015,Top,4
Oman,22,6.853,1.36011,1.08182,0.76276,0.63274,0.32524000000000003,0.21541999999999997,2015,Top,4
Venezuela,23,6.81,1.04424,1.25596,0.7205199999999999,0.42908,0.11069000000000001,0.058410000000000004,2015,Top,4
Singapore,24,6.797999999999999,1.52186,1.02,1.02525,0.54252,0.4921,0.31105,2015,Top,4
Panama,25,6.7860000000000005,1.0635299999999999,1.1985,0.79661,0.5421,0.0927,0.24434,2015,Top,4
Germany,26,6.75,1.32792,1.2993700000000001,0.89186,0.6147699999999999,0.21843,0.28214,2015,Top,4
Chile,27,6.67,1.10715,1.12447,0.85857,0.44132,0.12869,0.33363000000000004,2015,Top,4
Qatar,28,6.611000000000001,1.69042,1.0786,0.79733,0.6404,0.52208,0.32573,2015,Top,4
France,29,6.575,1.27778,1.2603799999999998,0.9457899999999999,0.55011,0.20646,0.12332,2015,Top,4
Argentina,30,6.574,1.05351,1.24823,0.78723,0.44974,0.08484,0.11450999999999999,2015,Top,4
Czech Republic,31,6.505,1.17898,1.20643,0.84483,0.46363999999999994,0.02652,0.10686,2015,Top,4
Uruguay,32,6.485,1.06166,1.2089,0.8116,0.6036199999999999,0.24558000000000002,0.2324,2015,Top,4
Colombia,33,6.477,0.91861,1.2401799999999998,0.69077,0.53466,0.0512,0.18400999999999998,2015,Top,4
Thailand,34,6.455,0.9669,1.26504,0.7385,0.5566399999999999,0.031869999999999996,0.5763,2015,Top,4
Saudi Arabia,35,6.4110000000000005,1.39541,1.0839299999999998,0.72025,0.31048000000000003,0.32524000000000003,0.13706,2015,Top,4
Spain,36,6.329,1.23011,1.31379,0.95562,0.45951000000000003,0.06398,0.18227000000000002,2015,Top,4
Malta,37,6.3020000000000005,1.2074,1.30203,0.88721,0.60365,0.13585999999999998,0.51752,2015,Top,4
Taiwan,38,6.297999999999999,1.29098,1.07617,0.8753,0.3974,0.08129,0.25376,2015,Top,4
Kuwait,39,6.295,1.5542200000000002,1.16594,0.72492,0.55499,0.25609,0.16228,2015,Top,4
Suriname,40,6.269,0.99534,0.972,0.6082,0.5965699999999999,0.13633,0.16990999999999998,2015,Top,4
Trinidad and Tobago,41,6.167999999999999,1.21183,1.18354,0.61483,0.55884,0.0114,0.31844,2015,Top-Mid,3
El Salvador,42,6.13,0.76454,1.0250700000000001,0.67737,0.4035,0.11775999999999999,0.10692,2015,Top-Mid,3
Guatemala,43,6.122999999999999,0.74553,1.04356,0.64425,0.57733,0.09472,0.27489,2015,Top-Mid,3
Uzbekistan,44,6.002999999999999,0.63244,1.34043,0.59772,0.6582100000000001,0.30826,0.22837,2015,Top-Mid,3
Slovakia,45,5.995,1.1689100000000001,1.26999,0.7890199999999999,0.31751,0.03431,0.16893,2015,Top-Mid,3
Japan,46,5.987,1.27074,1.25712,0.99111,0.49615,0.1806,0.10705,2015,Top-Mid,3
South Korea,47,5.984,1.24461,0.9577399999999999,0.9653799999999999,0.33208000000000004,0.07857,0.18557,2015,Top-Mid,3
Ecuador,48,5.975,0.8640200000000001,0.99903,0.79075,0.48573999999999995,0.1809,0.11540999999999998,2015,Top-Mid,3
Bahrain,49,5.96,1.32376,1.21624,0.74716,0.45492,0.306,0.17362,2015,Top-Mid,3
Italy,50,5.9479999999999995,1.25114,1.19777,0.9544600000000001,0.26236,0.02901,0.22823000000000002,2015,Top-Mid,3
Bolivia,51,5.89,0.68133,0.97841,0.5392,0.57414,0.08800000000000001,0.20536,2015,Top-Mid,3
Moldova,52,5.888999999999999,0.59448,1.01528,0.61826,0.32818,0.01615,0.20951,2015,Top-Mid,3
Paraguay,53,5.877999999999999,0.75985,1.30477,0.66098,0.53899,0.08242000000000001,0.3424,2015,Top-Mid,3
Kazakhstan,54,5.855,1.1225399999999999,1.1224100000000001,0.64368,0.51649,0.08454,0.11827,2015,Top-Mid,3
Slovenia,55,5.848,1.18498,1.27385,0.8733700000000001,0.60855,0.03787,0.25328,2015,Top-Mid,3
Lithuania,56,5.832999999999999,1.14723,1.25745,0.73128,0.21341999999999997,0.01031,0.026410000000000003,2015,Top-Mid,3
Nicaragua,57,5.827999999999999,0.59325,1.14184,0.7431399999999999,0.55475,0.19317,0.27815,2015,Top-Mid,3
Peru,58,5.824,0.9001899999999999,0.97459,0.73017,0.41496000000000005,0.05989,0.14982,2015,Top-Mid,3
Belarus,59,5.813,1.0319200000000002,1.23289,0.7360800000000001,0.37938,0.1909,0.11045999999999999,2015,Top-Mid,3
Poland,60,5.791,1.12555,1.27948,0.77903,0.53122,0.04212,0.16759000000000002,2015,Top-Mid,3
Malaysia,61,5.77,1.12486,1.07023,0.7239399999999999,0.5302399999999999,0.10500999999999999,0.33075,2015,Top-Mid,3
Croatia,62,5.7589999999999995,1.08254,0.79624,0.78805,0.25883,0.0243,0.054439999999999995,2015,Top-Mid,3
Libya,63,5.754,1.13145,1.1186200000000002,0.7038,0.41668,0.11023,0.18295,2015,Top-Mid,3
Russia,64,5.716,1.13764,1.23617,0.6692600000000001,0.36679,0.03005,0.00199,2015,Top-Mid,3
Jamaica,65,5.709,0.81038,1.1510200000000002,0.6874100000000001,0.50442,0.02299,0.2123,2015,Top-Mid,3
North Cyprus,66,5.695,1.2080600000000001,1.07008,0.92356,0.49027,0.1428,0.26169000000000003,2015,Top-Mid,3
Cyprus,67,5.689,1.20813,0.89318,0.92356,0.40671999999999997,0.06146,0.30638000000000004,2015,Top-Mid,3
Algeria,68,5.605,0.93929,1.07772,0.61766,0.28579,0.17382999999999998,0.07822,2015,Top-Mid,3
Kosovo,69,5.5889999999999995,0.80148,0.81198,0.63132,0.24749000000000002,0.04741,0.2831,2015,Top-Mid,3
Turkmenistan,70,5.547999999999999,0.95847,1.22668,0.53886,0.4761,0.30844,0.16979,2015,Top-Mid,3
Mauritius,71,5.477,1.0076100000000001,0.98521,0.7095,0.56066,0.07521,0.37744,2015,Top-Mid,3
Hong Kong,72,5.474,1.38604,1.05818,1.01328,0.59608,0.37124,0.39478,2015,Top-Mid,3
Estonia,73,5.428999999999999,1.15174,1.22791,0.77361,0.44888,0.15184,0.0868,2015,Top-Mid,3
Indonesia,74,5.399,0.8282700000000001,1.0870799999999998,0.63793,0.46611,0.0,0.51535,2015,Top-Mid,3
Vietnam,75,5.36,0.63216,0.9122600000000001,0.7467600000000001,0.59444,0.10440999999999999,0.1686,2015,Top-Mid,3
Turkey,76,5.332000000000001,1.06098,0.94632,0.73172,0.22815,0.15746,0.12253,2015,Top-Mid,3
Kyrgyzstan,77,5.2860000000000005,0.47428000000000003,1.15115,0.65088,0.43477,0.042319999999999997,0.3003,2015,Top-Mid,3
Nigeria,78,5.268,0.65435,0.9043200000000001,0.16007000000000002,0.34334000000000003,0.0403,0.27233,2015,Top-Mid,3
Bhutan,79,5.252999999999999,0.77042,1.10395,0.57407,0.5320600000000001,0.15445,0.47998,2015,Top-Mid,3
Azerbaijan,80,5.212000000000001,1.02389,0.9379299999999999,0.64045,0.3703,0.16065,0.07799,2015,Low-Mid,2
Pakistan,81,5.194,0.59543,0.41411000000000003,0.51466,0.12102,0.10464000000000001,0.33671,2015,Low-Mid,2
Jordan,82,5.192,0.9019799999999999,1.05392,0.69639,0.40660999999999997,0.14293,0.11052999999999999,2015,Low-Mid,2
Montenegro,82,5.192,0.9743799999999999,0.9055700000000001,0.72521,0.1826,0.14296,0.1614,2015,Low-Mid,2
China,84,5.14,0.89012,0.94675,0.81658,0.5169699999999999,0.02781,0.08185,2015,Low-Mid,2
Zambia,85,5.129,0.47038,0.91612,0.29924,0.48827,0.12468,0.19591,2015,Low-Mid,2
Romania,86,5.124,1.04345,0.8858799999999999,0.7689,0.35068,0.006490000000000001,0.13748,2015,Low-Mid,2
Serbia,87,5.122999999999999,0.92053,1.0096399999999999,0.74836,0.20107,0.02617,0.19230999999999998,2015,Low-Mid,2
Portugal,88,5.102,1.15991,1.13935,0.8751899999999999,0.51469,0.01078,0.13719,2015,Low-Mid,2
Latvia,89,5.098,1.11312,1.09562,0.72437,0.29671,0.06332,0.18225999999999998,2015,Low-Mid,2
Philippines,90,5.073,0.70532,1.03516,0.58114,0.62545,0.12279000000000001,0.24991,2015,Low-Mid,2
Somaliland region,91,5.0569999999999995,0.18847,0.95152,0.43873,0.46581999999999996,0.39928,0.5031800000000001,2015,Low-Mid,2
Morocco,92,5.013,0.7347899999999999,0.64095,0.60954,0.41691000000000006,0.08546000000000001,0.07172,2015,Low-Mid,2
Macedonia,93,5.007,0.91851,1.00232,0.73545,0.33457,0.053270000000000005,0.22359,2015,Low-Mid,2
Mozambique,94,4.971,0.08308,1.02626,0.09131,0.34037,0.15603,0.22269,2015,Low-Mid,2
Albania,95,4.959,0.8786700000000001,0.8043399999999999,0.81325,0.35733000000000004,0.06412999999999999,0.14272,2015,Low-Mid,2
Bosnia and Herzegovina,96,4.949,0.8322299999999999,0.9191600000000001,0.79081,0.09245,0.00227,0.24808000000000002,2015,Low-Mid,2
Lesotho,97,4.898,0.37545,1.04103,0.07612000000000001,0.31767,0.12504,0.16388,2015,Low-Mid,2
Dominican Republic,98,4.885,0.8953700000000001,1.17202,0.66825,0.57672,0.14234000000000002,0.21684,2015,Low-Mid,2
Laos,99,4.876,0.5906600000000001,0.73803,0.54909,0.59591,0.24249,0.42191999999999996,2015,Low-Mid,2
Mongolia,100,4.874,0.82819,1.3006,0.60268,0.43626000000000004,0.026660000000000003,0.3323,2015,Low-Mid,2
Swaziland,101,4.867,0.71206,1.07284,0.07566,0.30658,0.0306,0.18259,2015,Low-Mid,2
Greece,102,4.857,1.15406,0.9293299999999999,0.88213,0.07699,0.013969999999999998,0.0,2015,Low-Mid,2
Lebanon,103,4.8389999999999995,1.0256399999999999,0.80001,0.83947,0.33916,0.04582,0.21854,2015,Low-Mid,2
Hungary,104,4.8,1.12094,1.20215,0.75905,0.32111999999999996,0.02758,0.128,2015,Low-Mid,2
Honduras,105,4.788,0.59532,0.9534799999999999,0.6951,0.40148,0.06825,0.23026999999999997,2015,Low-Mid,2
Tajikistan,106,4.7860000000000005,0.39047,0.8556299999999999,0.5737899999999999,0.47216,0.15072,0.22974,2015,Low-Mid,2
Tunisia,107,4.739,0.88113,0.60429,0.73793,0.26268,0.06358,0.06431,2015,Low-Mid,2
Palestinian Territories,108,4.715,0.59867,0.92558,0.66015,0.24499,0.12905,0.11250999999999999,2015,Low-Mid,2
Bangladesh,109,4.694,0.39753,0.43106000000000005,0.60164,0.4082,0.12569,0.21222,2015,Low-Mid,2
Iran,110,4.686,1.0088,0.54447,0.69805,0.30033000000000004,0.058629999999999995,0.38086,2015,Low-Mid,2
Ukraine,111,4.681,0.79907,1.20278,0.6739,0.25123,0.02961,0.15275,2015,Low-Mid,2
Iraq,112,4.677,0.98549,0.81889,0.60237,0.0,0.13788,0.17922000000000002,2015,Low-Mid,2
South Africa,113,4.6419999999999995,0.9204899999999999,1.18468,0.27688,0.33207,0.08884,0.11972999999999999,2015,Low-Mid,2
Ghana,114,4.633,0.5455800000000001,0.6795399999999999,0.40131999999999995,0.42341999999999996,0.04355,0.23087,2015,Low-Mid,2
Zimbabwe,115,4.61,0.271,1.0327600000000001,0.33475,0.25861,0.08079,0.18987,2015,Low-Mid,2
Liberia,116,4.571000000000001,0.0712,0.78968,0.34201,0.28531,0.06232000000000001,0.24361999999999998,2015,Low-Mid,2
India,117,4.565,0.64499,0.38174,0.5152899999999999,0.39786,0.08492000000000001,0.26475,2015,Low-Mid,2
Sudan,118,4.55,0.52107,1.01404,0.36878,0.10081,0.1466,0.19062,2015,Low-Mid,2
Haiti,119,4.518,0.26673,0.74302,0.38847,0.24425,0.17175,0.46187,2015,Low,1
Congo (Kinshasa),120,4.5169999999999995,0.0,1.0012,0.09806000000000001,0.22605,0.07625,0.24834,2015,Low,1
Nepal,121,4.513999999999999,0.35996999999999996,0.86449,0.5687399999999999,0.38282,0.059070000000000004,0.32295999999999997,2015,Low,1
Ethiopia,122,4.512,0.19072999999999998,0.60406,0.44055,0.4345,0.15048,0.24325,2015,Low,1
Sierra Leone,123,4.507,0.33024000000000003,0.9557100000000001,0.0,0.4084,0.08786000000000001,0.21488000000000002,2015,Low,1
Mauritania,124,4.436,0.45407,0.86908,0.35874,0.24231999999999998,0.17461,0.21899999999999997,2015,Low,1
Kenya,125,4.419,0.36471,0.99876,0.41435,0.42215,0.05839,0.37542,2015,Low,1
Djibouti,126,4.369,0.44025,0.59207,0.36291,0.46074,0.28105,0.18093,2015,Low,1
Armenia,127,4.35,0.7682100000000001,0.7771100000000001,0.7299,0.19847,0.039,0.07855,2015,Low,1
Botswana,128,4.332,0.99355,1.10464,0.047760000000000004,0.49495,0.12474,0.10461,2015,Low,1
Myanmar,129,4.3069999999999995,0.27108000000000004,0.70905,0.48246000000000006,0.44017,0.19034,0.79588,2015,Low,1
Georgia,130,4.297,0.7419,0.38561999999999996,0.72926,0.40576999999999996,0.38331,0.055470000000000005,2015,Low,1
Malawi,131,4.292,0.016040000000000002,0.41134,0.22562,0.43054,0.06977,0.33128,2015,Low,1
Sri Lanka,132,4.271,0.83524,1.01905,0.70806,0.5372600000000001,0.09179,0.40828000000000003,2015,Low,1
Cameroon,133,4.252,0.4225,0.8876700000000001,0.23401999999999998,0.49309,0.05786,0.20618000000000003,2015,Low,1
Bulgaria,134,4.218,1.01216,1.10614,0.76649,0.30587,0.00872,0.11921,2015,Low,1
Egypt,135,4.194,0.8818,0.747,0.61712,0.17288,0.06324,0.11291,2015,Low,1
Yemen,136,4.077,0.5464899999999999,0.68093,0.40064,0.35570999999999997,0.07854,0.09131,2015,Low,1
Angola,137,4.033,0.75778,0.8604,0.16683,0.10384000000000002,0.07122,0.12344000000000001,2015,Low,1
Mali,138,3.995,0.26074,1.03526,0.20583,0.38856999999999997,0.12352,0.18798,2015,Low,1
Congo (Brazzaville),139,3.989,0.67866,0.6629,0.31051,0.41466000000000003,0.11685999999999999,0.12387999999999999,2015,Low,1
Comoros,140,3.9560000000000004,0.23906,0.79273,0.36315,0.22916999999999998,0.19899999999999998,0.17440999999999998,2015,Low,1
Uganda,141,3.931,0.21101999999999999,1.13299,0.33860999999999997,0.45726999999999995,0.07267,0.29066,2015,Low,1
Senegal,142,3.904,0.36498,0.97619,0.4354,0.36772,0.10712999999999999,0.20843000000000003,2015,Low,1
Gabon,143,3.8960000000000004,1.06024,0.90528,0.43372,0.31914000000000003,0.11091,0.06822,2015,Low,1
Niger,144,3.845,0.0694,0.77265,0.29707,0.47691999999999996,0.15639,0.19387000000000001,2015,Low,1
Cambodia,145,3.819,0.46038,0.62736,0.61114,0.66246,0.07247,0.40359,2015,Low,1
Tanzania,146,3.781,0.2852,1.00268,0.38215,0.32878,0.05747000000000001,0.34376999999999996,2015,Low,1
Madagascar,147,3.681,0.20824,0.66801,0.46721,0.19184,0.08123999999999999,0.21333000000000002,2015,Low,1
Central African Republic,148,3.678,0.0785,0.0,0.06699,0.48878999999999995,0.08288999999999999,0.23835,2015,Low,1
Chad,149,3.667,0.34193,0.76062,0.1501,0.23501,0.05269,0.18386,2015,Low,1
Guinea,150,3.656,0.17417,0.46475,0.24009,0.37725,0.12139000000000001,0.28657,2015,Low,1
Ivory Coast,151,3.655,0.46534,0.77115,0.15185,0.46866,0.17922000000000002,0.20165,2015,Low,1
Burkina Faso,152,3.5869999999999997,0.25811999999999996,0.85188,0.27125,0.39493,0.12832000000000002,0.21746999999999997,2015,Low,1
Afghanistan,153,3.575,0.31982,0.30285,0.30335,0.23414000000000001,0.09719,0.3651,2015,Low,1
Rwanda,154,3.465,0.22208000000000003,0.7737,0.42863999999999997,0.59201,0.55191,0.22628,2015,Low,1
Benin,155,3.34,0.28665,0.35386,0.3191,0.4845,0.0801,0.1826,2015,Low,1
Syria,156,3.0060000000000002,0.6632,0.47489,0.7219300000000001,0.15684,0.18905999999999998,0.47179,2015,Low,1
Burundi,157,2.905,0.0153,0.41586999999999996,0.22396,0.1185,0.10062,0.19727,2015,Low,1
Togo,158,2.839,0.20868,0.13995,0.28443,0.36453,0.10730999999999999,0.16680999999999999,2015,Low,1
Denmark,1,7.526,1.16374,1.4417799999999998,0.79504,0.5794100000000001,0.44453000000000004,0.36171,2016,Top,4
Switzerland,2,7.5089999999999995,1.14524,1.5273299999999999,0.86303,0.58557,0.41203,0.28083,2016,Top,4
Iceland,3,7.501,1.18326,1.42666,0.8673299999999999,0.56624,0.14975,0.47678000000000004,2016,Top,4
Norway,4,7.497999999999999,1.1269,1.57744,0.79579,0.59609,0.35775999999999997,0.37895,2016,Top,4
Finland,5,7.412999999999999,1.1346399999999999,1.40598,0.81091,0.57104,0.41003999999999996,0.25492,2016,Top,4
Canada,6,7.404,1.0961,1.44015,0.8276,0.5737,0.31329,0.44833999999999996,2016,Top,4
Netherlands,7,7.3389999999999995,1.02912,1.46468,0.8123100000000001,0.55211,0.29927,0.47416,2016,Top,4
New Zealand,8,7.334,1.17278,1.36066,0.83096,0.5814699999999999,0.41903999999999997,0.49401000000000006,2016,Top,4
Australia,9,7.313,1.10476,1.4444299999999999,0.8512,0.5683699999999999,0.32331,0.47407,2016,Top,4
Sweden,10,7.291,1.08764,1.45181,0.83121,0.58218,0.40867,0.38254,2016,Top,4
Israel,11,7.267,0.9953700000000001,1.33766,0.8491700000000001,0.36432,0.08728,0.32288,2016,Top,4
Austria,12,7.119,1.0838299999999998,1.45038,0.80565,0.54355,0.21348000000000003,0.32865,2016,Top,4
United States,13,7.104,1.04782,1.50796,0.779,0.48163,0.14868,0.41076999999999997,2016,Top,4
Costa Rica,14,7.087000000000001,1.02152,1.06879,0.76146,0.55225,0.10547000000000001,0.22553,2016,Top,4
Puerto Rico,15,7.039,1.08113,1.35943,0.77758,0.46823000000000004,0.12275,0.22202,2016,Top,4
Germany,16,6.994,1.09774,1.44787,0.81487,0.53466,0.28551,0.30451999999999996,2016,Top,4
Brazil,17,6.952000000000001,1.03938,1.08754,0.61415,0.40425,0.14165999999999998,0.15775999999999998,2016,Top,4
Belgium,18,6.928999999999999,1.05249,1.42539,0.8195899999999999,0.51354,0.26248,0.2424,2016,Top,4
Ireland,19,6.907,1.16157,1.4834100000000001,0.81455,0.54008,0.29754,0.44963000000000003,2016,Top,4
Luxembourg,20,6.871,1.03999,1.6975200000000001,0.8454200000000001,0.5487,0.35329,0.27571,2016,Top,4
Mexico,21,6.778,0.7146,1.1150799999999998,0.71143,0.37709000000000004,0.18355,0.11735,2016,Top,4
Singapore,22,6.739,0.8675799999999999,1.64555,0.94719,0.4877,0.46986999999999995,0.32706,2016,Top,4
United Kingdom,23,6.725,1.0867200000000001,1.40283,0.80991,0.50036,0.27399,0.50156,2016,Top,4
Chile,24,6.705,0.9058700000000001,1.2167,0.8188300000000001,0.37789,0.11450999999999999,0.31595,2016,Top,4
Panama,25,6.7010000000000005,0.9891200000000001,1.18306,0.70835,0.48927,0.08423,0.2418,2016,Top,4
Argentina,26,6.65,1.0661200000000002,1.15137,0.69711,0.42283999999999994,0.07296,0.10989000000000002,2016,Top,4
Czech Republic,27,6.596,1.00793,1.30915,0.76376,0.41418,0.03986,0.09929,2016,Top,4
United Arab Emirates,28,6.5729999999999995,0.8711399999999999,1.57352,0.72993,0.56215,0.35561,0.26591,2016,Top,4
Uruguay,29,6.545,1.0314299999999998,1.18157,0.72183,0.54388,0.21394000000000002,0.18056,2016,Top,4
Malta,30,6.4879999999999995,1.09879,1.30782,0.80315,0.54994,0.17554,0.56237,2016,Top,4
Colombia,31,6.481,1.02169,1.0303200000000001,0.59659,0.44735,0.053989999999999996,0.15625999999999998,2016,Top,4
France,32,6.478,1.00508,1.39488,0.83795,0.46562,0.17808,0.1216,2016,Top,4
Thailand,33,6.474,1.04477,1.0893,0.64915,0.49553,0.02833,0.58696,2016,Top,4
Saudi Arabia,34,6.379,0.84829,1.48953,0.59267,0.37904,0.30008,0.15457,2016,Top,4
Taiwan,34,6.379,0.92624,1.39729,0.79565,0.32377,0.0663,0.25495,2016,Top,4
Qatar,36,6.375,0.87964,1.82427,0.71723,0.56679,0.48049,0.32388,2016,Top,4
Spain,37,6.361000000000001,1.12945,1.34253,0.8789600000000001,0.37545,0.06137000000000001,0.17665,2016,Top,4
Algeria,38,6.355,0.83309,1.05266,0.6180399999999999,0.21006,0.16157,0.07044,2016,Top,4
Guatemala,39,6.324,0.8711899999999999,0.83454,0.5403899999999999,0.50379,0.08701,0.28808,2016,Top,4
Suriname,40,6.269,0.77866,1.09686,0.5093300000000001,0.5223399999999999,0.12692,0.16665,2016,Top,4
Kuwait,41,6.239,0.8775799999999999,1.61714,0.63569,0.43166000000000004,0.23669,0.15965,2016,Top-Mid,3
Bahrain,42,6.218,0.9439700000000001,1.44024,0.65696,0.47375,0.25772,0.17147,2016,Top-Mid,3
Trinidad and Tobago,43,6.167999999999999,0.98569,1.32572,0.52608,0.48453,0.01241,0.31935,2016,Top-Mid,3
Venezuela,44,6.084,1.03302,1.1336700000000002,0.6190399999999999,0.19847,0.08304,0.0425,2016,Top-Mid,3
Slovakia,45,6.077999999999999,1.0826799999999999,1.27973,0.70367,0.23390999999999998,0.02947,0.13837,2016,Top-Mid,3
El Salvador,46,6.068,0.80975,0.8737,0.596,0.37269,0.10613,0.08877,2016,Top-Mid,3
Malaysia,47,6.005,0.88025,1.25142,0.62366,0.39031,0.09081,0.41473999999999994,2016,Top-Mid,3
Nicaragua,48,5.992000000000001,0.8952100000000001,0.69384,0.65213,0.46581999999999996,0.16292,0.29773,2016,Top-Mid,3
Uzbekistan,49,5.987,1.1681,0.7359100000000001,0.50163,0.60848,0.28333,0.34326,2016,Top-Mid,3
Italy,50,5.977,1.04167,1.35495,0.8510200000000001,0.18827,0.02556,0.16684000000000002,2016,Top-Mid,3
Ecuador,51,5.976,0.85974,0.97306,0.68613,0.4027,0.18037,0.10074,2016,Top-Mid,3
Belize,52,5.956,0.68655,0.87616,0.45569,0.51231,0.10770999999999999,0.23684000000000002,2016,Top-Mid,3
Japan,53,5.921,1.06054,1.3800700000000001,0.91491,0.46761,0.18985,0.10224,2016,Top-Mid,3
Kazakhstan,54,5.919,0.95544,1.22943,0.57386,0.4052,0.11132,0.15011,2016,Top-Mid,3
Moldova,55,5.897,0.8313200000000001,0.69177,0.5230899999999999,0.25201999999999997,0.019030000000000002,0.19997,2016,Top-Mid,3
Russia,56,5.856,1.05261,1.2322799999999998,0.58991,0.32682,0.03586,0.027360000000000002,2016,Top-Mid,3
Poland,57,5.835,1.04685,1.24585,0.69058,0.4519,0.055,0.14443,2016,Top-Mid,3
South Korea,57,5.835,0.7219399999999999,1.35948,0.88645,0.25168,0.07716,0.18824000000000002,2016,Top-Mid,3
Bolivia,59,5.822,0.8377899999999999,0.79422,0.4697,0.50961,0.07746,0.21698,2016,Top-Mid,3
Lithuania,60,5.813,1.0641100000000001,1.2692,0.64674,0.18929,0.0182,0.02025,2016,Top-Mid,3
Belarus,61,5.8020000000000005,1.04993,1.1306200000000002,0.6310399999999999,0.29091,0.17457,0.13942000000000002,2016,Top-Mid,3
North Cyprus,62,5.771,0.81826,1.31141,0.8414200000000001,0.43596,0.16577999999999998,0.26322,2016,Top-Mid,3
Slovenia,63,5.768,1.05613,1.2994700000000001,0.79151,0.53164,0.03635,0.25738,2016,Top-Mid,3
Peru,64,5.742999999999999,0.81255,0.9960200000000001,0.6299399999999999,0.37501999999999996,0.05292,0.14527,2016,Top-Mid,3
Turkmenistan,65,5.6579999999999995,1.03817,1.08017,0.44006000000000006,0.37408,0.28467,0.22566999999999998,2016,Top-Mid,3
Mauritius,66,5.648,0.75695,1.14372,0.66189,0.46145,0.05202999999999999,0.36951,2016,Top-Mid,3
Libya,67,5.615,0.95076,1.0668799999999998,0.52304,0.40671999999999997,0.10339000000000001,0.17087,2016,Top-Mid,3
Latvia,68,5.56,0.95025,1.2178799999999999,0.63952,0.27996,0.0889,0.17445,2016,Top-Mid,3
Cyprus,69,5.546,0.70697,1.31857,0.8488,0.29507,0.05227999999999999,0.27906,2016,Top-Mid,3
Paraguay,70,5.537999999999999,1.11111,0.8937299999999999,0.58295,0.46235,0.07396,0.25296,2016,Top-Mid,3
Romania,71,5.528,0.7280300000000001,1.1697,0.67602,0.36712,0.006790000000000001,0.12889,2016,Top-Mid,3
Estonia,72,5.517,1.0516299999999998,1.2796399999999999,0.68098,0.41511000000000003,0.18519000000000002,0.08423,2016,Top-Mid,3
Jamaica,73,5.51,0.96372,0.89333,0.5946899999999999,0.43596999999999997,0.04294,0.22245,2016,Top-Mid,3
Croatia,74,5.4879999999999995,0.6080899999999999,1.18649,0.70524,0.23906999999999998,0.04002,0.18434,2016,Top-Mid,3
Hong Kong,75,5.457999999999999,0.87021,1.5107,0.9527700000000001,0.48078999999999994,0.31647,0.40097,2016,Top-Mid,3
Somalia,76,5.44,0.33613000000000004,0.0,0.11465999999999998,0.5677800000000001,0.3118,0.27225,2016,Top-Mid,3
Kosovo,77,5.401,0.66062,0.90145,0.54,0.14396,0.06547,0.27992,2016,Top-Mid,3
Turkey,78,5.388999999999999,0.8771700000000001,1.1649200000000002,0.64718,0.23889000000000002,0.12347999999999999,0.04707,2016,Top-Mid,3
Indonesia,79,5.314,0.87625,0.95104,0.49373999999999996,0.39237,0.00322,0.56521,2016,Top-Mid,3
Jordan,80,5.303,0.86216,0.9967299999999999,0.60712,0.36023,0.13297,0.14262,2016,Low-Mid,2
Azerbaijan,81,5.291,0.76042,1.12373,0.54504,0.35327,0.17914000000000002,0.0564,2016,Low-Mid,2
Philippines,82,5.279,0.87877,0.81217,0.47036000000000006,0.5485399999999999,0.11757000000000001,0.21674000000000002,2016,Low-Mid,2
China,83,5.245,0.79381,1.0278,0.73561,0.44011999999999996,0.02745,0.049589999999999995,2016,Low-Mid,2
Bhutan,84,5.196000000000001,0.9083600000000001,0.8527,0.49759,0.46074,0.1616,0.48546000000000006,2016,Low-Mid,2
Kyrgyzstan,85,5.185,0.95434,0.5604399999999999,0.5544899999999999,0.40212,0.047619999999999996,0.38432,2016,Low-Mid,2
Serbia,86,5.1770000000000005,0.81329,1.03437,0.6458,0.15718,0.04339,0.20736999999999997,2016,Low-Mid,2
Bosnia and Herzegovina,87,5.162999999999999,0.64367,0.9338299999999999,0.7076600000000001,0.09511,0.0,0.29889,2016,Low-Mid,2
Montenegro,88,5.1610000000000005,0.74173,1.07838,0.6353300000000001,0.15111,0.12721,0.17190999999999998,2016,Low-Mid,2
Dominican Republic,89,5.155,0.9949600000000001,1.02787,0.5766899999999999,0.52259,0.12372000000000001,0.21286,2016,Low-Mid,2
Morocco,90,5.151,0.38595,0.8405799999999999,0.5947100000000001,0.25645999999999997,0.08404,0.040530000000000004,2016,Low-Mid,2
Hungary,91,5.145,0.9316399999999999,1.24142,0.67608,0.1977,0.044719999999999996,0.099,2016,Low-Mid,2
Pakistan,92,5.132000000000001,0.26135,0.68816,0.40306,0.14622000000000002,0.1388,0.31185,2016,Low-Mid,2
Lebanon,93,5.129,0.64184,1.12268,0.76171,0.26228,0.030610000000000002,0.23693000000000003,2016,Low-Mid,2
Portugal,94,5.122999999999999,0.9436700000000001,1.27607,0.7936300000000001,0.44727,0.01521,0.11690999999999999,2016,Low-Mid,2
Macedonia,95,5.121,0.78236,1.0193,0.6473800000000001,0.27668000000000004,0.07047,0.23506999999999997,2016,Low-Mid,2
Vietnam,96,5.061,0.7911699999999999,0.74037,0.66157,0.5595399999999999,0.11556,0.25075,2016,Low-Mid,2
Somaliland Region,97,5.0569999999999995,0.75862,0.25558000000000003,0.33108000000000004,0.3913,0.36794,0.51479,2016,Low-Mid,2
Tunisia,98,5.045,0.43165,0.97724,0.59577,0.23553000000000002,0.0817,0.03936,2016,Low-Mid,2
Greece,99,5.033,0.75473,1.24886,0.80029,0.05822000000000001,0.04127,0.0,2016,Low-Mid,2
Tajikistan,100,4.996,0.75602,0.48835,0.5311899999999999,0.43408,0.13509000000000002,0.25998000000000004,2016,Low-Mid,2
Mongolia,101,4.907,1.0898299999999999,0.9885299999999999,0.55469,0.35972,0.03285,0.34539000000000003,2016,Low-Mid,2
Laos,102,4.876,0.5497,0.68042,0.38291,0.52168,0.22423,0.43078999999999995,2016,Low-Mid,2
Nigeria,103,4.875,0.64498,0.75216,0.05108,0.27854,0.0305,0.23219,2016,Low-Mid,2
Honduras,104,4.871,0.7559600000000001,0.69429,0.5838300000000001,0.26755,0.06906,0.2044,2016,Low-Mid,2
Iran,105,4.813,0.38856999999999997,1.11758,0.64232,0.22544,0.0557,0.38538,2016,Low-Mid,2
Zambia,106,4.795,0.6376,0.61202,0.23573000000000002,0.42662,0.11479,0.17865999999999999,2016,Low-Mid,2
Nepal,107,4.793,0.69699,0.44626000000000005,0.50073,0.37012,0.07007999999999999,0.3816,2016,Low-Mid,2
Palestinian Territories,108,4.754,0.71629,0.67024,0.56844,0.17744000000000001,0.10613,0.11154000000000001,2016,Low-Mid,2
Albania,109,4.655,0.50163,0.9553,0.73007,0.31866,0.05301,0.1684,2016,Low-Mid,2
Bangladesh,110,4.643,0.24749000000000002,0.54177,0.52989,0.39778,0.12583,0.19132000000000002,2016,Low-Mid,2
Sierra Leone,111,4.635,0.628,0.36485,0.0,0.30685,0.08196,0.23897,2016,Low-Mid,2
Iraq,112,4.575,0.59205,1.07474,0.51076,0.24856,0.13635999999999998,0.19589,2016,Low-Mid,2
Namibia,113,4.574,0.70362,0.9328700000000001,0.34745,0.48613999999999996,0.10397999999999999,0.07795,2016,Low-Mid,2
Cameroon,114,4.513,0.62542,0.5249699999999999,0.12697999999999998,0.42736,0.06126,0.2268,2016,Low-Mid,2
Ethiopia,115,4.508,0.37932,0.29283000000000003,0.34578000000000003,0.36703,0.1717,0.29522,2016,Low-Mid,2
South Africa,116,4.459,0.9605299999999999,1.02416,0.18611,0.42483000000000004,0.08415,0.13656,2016,Low-Mid,2
Sri Lanka,117,4.415,0.84783,0.9731799999999999,0.62007,0.50817,0.07964,0.46978000000000003,2016,Low-Mid,2
India,118,4.404,0.29247,0.74036,0.45091000000000003,0.40285,0.08722,0.25028,2016,Low-Mid,2
Myanmar,119,4.395,0.69981,0.34112,0.3988,0.42691999999999997,0.20243,0.81971,2016,Low,1
Egypt,120,4.362,0.49813,0.95395,0.5211600000000001,0.18847,0.10393,0.12705999999999998,2016,Low,1
Armenia,121,4.36,0.6247699999999999,0.8608600000000001,0.64083,0.14037,0.036160000000000005,0.07793,2016,Low,1
Kenya,122,4.356,0.7624,0.52267,0.30146999999999996,0.40576,0.06686,0.41328000000000004,2016,Low,1
Ukraine,123,4.324,1.01413,0.87287,0.58628,0.12859,0.01829,0.20363,2016,Low,1
Ghana,124,4.276,0.49353,0.63107,0.29681,0.40973000000000004,0.0326,0.21203000000000002,2016,Low,1
Congo (Kinshasa),125,4.272,0.80676,0.05661,0.188,0.15602,0.06075,0.25458000000000003,2016,Low,1
Georgia,126,4.252,0.19249000000000002,0.8379200000000001,0.64035,0.32461,0.3188,0.06786,2016,Low,1
Congo (Brazzaville),127,4.236000000000001,0.47798999999999997,0.7710899999999999,0.28212,0.37938,0.09752999999999999,0.12077,2016,Low,1
Senegal,128,4.218999999999999,0.7741600000000001,0.44314,0.40457,0.31056,0.11681,0.19103,2016,Low,1
Bulgaria,129,4.217,0.92542,1.11306,0.67806,0.21219000000000002,0.00615,0.12793,2016,Low,1
Mauritania,130,4.2010000000000005,0.8414200000000001,0.6139100000000001,0.28639000000000003,0.1268,0.17955,0.22685999999999998,2016,Low,1
Zimbabwe,131,4.1930000000000005,0.71478,0.35041,0.1595,0.25429,0.08582000000000001,0.18503,2016,Low,1
Malawi,132,4.156000000000001,0.147,0.08709,0.29364,0.4143,0.07564,0.30968,2016,Low,1
Sudan,133,4.138999999999999,0.8192799999999999,0.63069,0.29759,0.0,0.10039,0.18077000000000001,2016,Low,1
Gabon,134,4.121,0.72368,1.15851,0.3494,0.28098,0.09314,0.062439999999999996,2016,Low,1
Mali,135,4.073,0.8633299999999999,0.31292,0.16347,0.27544,0.13647,0.21064000000000002,2016,Low,1
Haiti,136,4.0280000000000005,0.29561,0.34097,0.27494,0.12072000000000001,0.14476,0.47958,2016,Low,1
Botswana,137,3.9739999999999998,0.89186,1.09426,0.34752,0.44088999999999995,0.10769000000000001,0.12425,2016,Low,1
Comoros,138,3.9560000000000004,0.60323,0.27509,0.29980999999999997,0.15412,0.18437,0.1827,2016,Low,1
Ivory Coast,139,3.9160000000000004,0.57576,0.55507,0.04476,0.40663,0.1553,0.20338,2016,Low,1
Cambodia,140,3.907,0.5375,0.55604,0.42494,0.5885199999999999,0.08092,0.40339,2016,Low,1
Angola,141,3.866,0.66366,0.84731,0.04991,0.00589,0.08434,0.12070999999999998,2016,Low,1
Niger,142,3.8560000000000003,0.6053,0.1327,0.26161999999999996,0.38040999999999997,0.17176,0.2097,2016,Low,1
South Sudan,143,3.832,0.18519000000000002,0.39394,0.15780999999999998,0.19662000000000002,0.13015,0.25899,2016,Low,1
Chad,144,3.763,0.63178,0.42213999999999996,0.038239999999999996,0.12807000000000002,0.04952,0.18667,2016,Low,1
Burkina Faso,145,3.739,0.63054,0.31995,0.21297,0.3337,0.12533,0.24353000000000002,2016,Low,1
Uganda,145,3.739,0.90981,0.34719,0.19625,0.43653000000000003,0.06442,0.27102,2016,Low,1
Yemen,147,3.7239999999999998,0.47493,0.57939,0.31048000000000003,0.2287,0.05892000000000001,0.09821,2016,Low,1
Madagascar,148,3.695,0.46115,0.27954,0.37109000000000003,0.13684000000000002,0.07506,0.2204,2016,Low,1
Tanzania,149,3.6660000000000004,0.77623,0.47155,0.35700000000000004,0.3176,0.05099,0.31472,2016,Low,1
Liberia,150,3.622,0.50353,0.10705999999999999,0.23165,0.25748000000000004,0.04852,0.24063,2016,Low,1
Guinea,151,3.6069999999999998,0.3109,0.22415,0.18829,0.30953,0.1192,0.29914,2016,Low,1
Rwanda,152,3.515,0.6158600000000001,0.32846,0.31865,0.5432,0.50521,0.23551999999999998,2016,Low,1
Benin,153,3.484,0.10419,0.39499,0.21028000000000002,0.39747,0.06681000000000001,0.2018,2016,Low,1
Afghanistan,154,3.36,0.11037000000000001,0.38227,0.17344,0.1643,0.07112,0.31268,2016,Low,1
Togo,155,3.303,0.0,0.28123000000000004,0.24811,0.34678000000000003,0.11587,0.17517,2016,Low,1
Syria,156,3.069,0.14866,0.7471899999999999,0.6299399999999999,0.06912,0.17232999999999998,0.48396999999999996,2016,Low,1
Burundi,157,2.905,0.23442,0.06831,0.15747,0.0432,0.09419,0.2029,2016,Low,1
Norway,1,7.537000179290769,1.53352355957031,1.6164631843566901,0.796666502952576,0.635422587394714,0.36201223731041,0.31596383452415505,2017,Top,4
Denmark,2,7.52199983596802,1.55112159252167,1.48238301277161,0.7925655245780941,0.626006722450256,0.3552804887294771,0.40077006816863997,2017,Top,4
Iceland,3,7.50400018692017,1.6105740070343,1.480633020401,0.8335521221160892,0.6271626353263849,0.47554022073745705,0.15352655947208402,2017,Top,4
Switzerland,4,7.49399995803833,1.51691174507141,1.5649795532226598,0.858131289482117,0.620070576667786,0.29054927825927696,0.36700728535652205,2017,Top,4
Finland,5,7.468999862670901,1.5402467250824,1.44357192516327,0.80915766954422,0.6179508566856379,0.24548277258873,0.38261154294014,2017,Top,4
Netherlands,6,7.3769998550415,1.42893922328949,1.50394463539124,0.8106961250305179,0.5853844881057739,0.47048982977867104,0.282661825418472,2017,Top,4
Canada,7,7.31599998474121,1.48134899139404,1.47920441627502,0.83455765247345,0.611100912094116,0.435539722442627,0.287371516227722,2017,Top,4
New Zealand,8,7.31400012969971,1.54819512367249,1.40570604801178,0.816759705543518,0.6140621304512021,0.500005125999451,0.38281670212745705,2017,Top,4
Sweden,9,7.28399991989136,1.47816216945648,1.49438726902008,0.830875158309937,0.612924098968506,0.38539925217628496,0.384398728609085,2017,Top,4
Australia,10,7.28399991989136,1.5100419521331798,1.4844149351120002,0.84388679265976,0.601607382297516,0.47769924998283403,0.301183730363846,2017,Top,4
Israel,11,7.212999820709231,1.37628996372223,1.3753824234008798,0.83840399980545,0.40598860383033797,0.330082654953003,0.0852421000599861,2017,Top,4
Costa Rica,12,7.0789999961853,1.4164036512374898,1.10970628261566,0.7595092654228209,0.580131649971008,0.21461322903633104,0.100106589496136,2017,Top,4
Austria,13,7.00600004196167,1.4599449634552,1.4870972633361799,0.8153284192085269,0.567766189575195,0.316472321748734,0.22106036543846105,2017,Top,4
United States,14,6.993000030517581,1.4199205636978103,1.54625928401947,0.7742866277694699,0.505740523338318,0.392578780651093,0.135638788342476,2017,Top,4
Ireland,15,6.9770002365112305,1.5582311153411899,1.5357066392898602,0.8097826242446899,0.5731103420257571,0.42785832285881,0.29838815331459007,2017,Top,4
Germany,16,6.9510002136230495,1.47252035140991,1.48792338371277,0.798950731754303,0.562511384487152,0.33626917004585305,0.276731938123703,2017,Top,4
Belgium,17,6.89099979400635,1.4623126983642598,1.4637807607650801,0.8180918693542479,0.5397707223892211,0.23150333762168898,0.251343131065369,2017,Top,4
Luxembourg,18,6.86299991607666,1.45758366584778,1.74194359779358,0.845089495182037,0.59662789106369,0.283180981874466,0.31883442401886,2017,Top,4
United Kingdom,19,6.71400022506714,1.4964600801467902,1.44163393974304,0.805335938930511,0.508190035820007,0.492774158716202,0.265428066253662,2017,Top,4
Chile,20,6.65199995040894,1.28402495384216,1.25278460979462,0.8194797039031979,0.376895278692245,0.3266624212265011,0.0822879821062088,2017,Top,4
United Arab Emirates,21,6.6479997634887695,1.2664102315902699,1.6263433694839498,0.726798236370087,0.60834527015686,0.3609419465065,0.324489563703537,2017,Top,4
Brazil,22,6.6350002288818395,1.43130600452423,1.1073532104492199,0.6165523529052729,0.437453746795654,0.16234989464282998,0.11109276115894301,2017,Top,4
Czech Republic,23,6.60900020599365,1.4338852167129499,1.35268235206604,0.754444003105164,0.49094617366790794,0.0881067588925362,0.0368729270994663,2017,Top,4
Argentina,24,6.59899997711182,1.44045114517212,1.18529546260834,0.695137083530426,0.49451920390129106,0.109457060694695,0.05973988771438599,2017,Top,4
Mexico,25,6.57800006866455,1.2108621597290001,1.1531838178634601,0.709978997707367,0.412730008363724,0.12099043279886199,0.132774114608765,2017,Top,4
Singapore,26,6.57200002670288,1.35381436347961,1.69227766990662,0.9494923949241642,0.549840569496155,0.345965981483459,0.46430778503417997,2017,Top,4
Malta,27,6.52699995040894,1.48841166496277,1.34327983856201,0.821944236755371,0.588767051696777,0.5747305750846861,0.153066068887711,2017,Top,4
Uruguay,28,6.4539999961853,1.4122278690338101,1.2175596952438401,0.719216823577881,0.5793922543525699,0.175096929073334,0.17806187272071802,2017,Top,4
Guatemala,29,6.4539999961853,1.25558519363403,0.872001945972443,0.540239989757538,0.5313106179237371,0.283488392829895,0.0772232785820961,2017,Top,4
Panama,30,6.4520001411438,1.3731925487518302,1.23374843597412,0.706156134605408,0.550026834011078,0.21055693924427,0.070983923971653,2017,Top,4
France,31,6.44199991226196,1.38777685165405,1.43092346191406,0.8444658517837521,0.470222115516663,0.129762306809425,0.172502428293228,2017,Top,4
Thailand,32,6.4239997863769505,1.4257924556732198,1.12786877155304,0.647239029407501,0.580200731754303,0.572123110294342,0.0316127352416515,2017,Top,4
Taiwan Province of China,33,6.42199993133545,1.38456535339355,1.4336265325546298,0.793984234333038,0.361466586589813,0.258360475301743,0.0638292357325554,2017,Top,4
Spain,34,6.40299987792969,1.53209090232849,1.38439786434174,0.888960599899292,0.408781230449677,0.190133571624756,0.0709140971302986,2017,Top,4
Qatar,35,6.375,1.27429687976837,1.8707656860351598,0.7100980877876278,0.604130983352661,0.33047387003898604,0.43929925560951205,2017,Top,4
Colombia,36,6.35699987411499,1.4021829366683998,1.07062232494354,0.595027923583984,0.47748741507530196,0.14901447296142598,0.0466687418520451,2017,Top,4
Saudi Arabia,37,6.343999862670901,1.28667759895325,1.53062355518341,0.590148329734802,0.449750572443008,0.147616013884544,0.27343225479126004,2017,Top,4
Trinidad and Tobago,38,6.1680002212524405,1.3802285194397,1.36135590076447,0.5199832916259771,0.518630743026733,0.32529646158218395,0.00896481610834599,2017,Top,4
Kuwait,39,6.10500001907349,1.25969874858856,1.63295245170593,0.6321057081222529,0.49633759260177596,0.228289797902107,0.21515955030918102,2017,Top,4
Slovakia,40,6.09800004959106,1.5050592422485398,1.32539355754852,0.712732911109924,0.295817464590073,0.136544480919838,0.0242108516395092,2017,Top-Mid,3
Bahrain,41,6.08699989318848,1.3231104612350502,1.4884122610092199,0.653133034706116,0.536746919155121,0.17266848683357197,0.257042169570923,2017,Top-Mid,3
Malaysia,42,6.08400011062622,1.28464603424072,1.29121541976929,0.618784427642822,0.40226498246192893,0.416608929634094,0.0656007081270218,2017,Top-Mid,3
Nicaragua,43,6.07100009918213,1.28721570968628,0.737299203872681,0.6530959606170649,0.447551846504211,0.301674216985703,0.130687981843948,2017,Top-Mid,3
Ecuador,44,6.00799989700317,1.2861688137054401,1.00082039833069,0.685636222362518,0.4551981985569,0.15011246502399403,0.140134647488594,2017,Top-Mid,3
El Salvador,45,6.002999782562259,1.1821250915527302,0.9097844958305359,0.596018552780151,0.432452529668808,0.0782579854130745,0.0899809598922729,2017,Top-Mid,3
Poland,46,5.97300004959106,1.44571197032928,1.29178786277771,0.699475347995758,0.520342111587524,0.158465966582298,0.0593078061938286,2017,Top-Mid,3
Uzbekistan,47,5.97100019454956,1.5489691495895401,0.786441087722778,0.498272627592087,0.6582486629486078,0.41598364710807795,0.246528223156929,2017,Top-Mid,3
Italy,48,5.96400022506714,1.44492328166962,1.3950666189193701,0.8531443476676941,0.256450712680817,0.17278964817523998,0.0280280914157629,2017,Top-Mid,3
Russia,49,5.962999820709231,1.46928238868713,1.28177809715271,0.547349333763123,0.373783111572266,0.0522638224065304,0.0329628810286522,2017,Top-Mid,3
Belize,50,5.955999851226809,1.0814177989959701,0.907975316047668,0.45019176602363603,0.5475093722343439,0.24001564085483604,0.0965810716152191,2017,Top-Mid,3
Japan,51,5.92000007629395,1.43633782863617,1.41691517829895,0.9134758710861209,0.505625545978546,0.12057276815175999,0.163760736584663,2017,Top-Mid,3
Lithuania,52,5.90199995040894,1.47351610660553,1.3145823478698702,0.62894994020462,0.234231784939766,0.010164656676352,0.0118656428530812,2017,Top-Mid,3
Algeria,53,5.872000217437741,1.1462174654007,1.09186446666718,0.6175846457481379,0.233335807919502,0.0694366469979286,0.14609611034393302,2017,Top-Mid,3
Latvia,54,5.849999904632571,1.40471494197845,1.26074862480164,0.638566970825195,0.32570791244506797,0.153074786067009,0.0738427266478539,2017,Top-Mid,3
South Korea,55,5.837999820709231,1.1282744407653797,1.40167844295502,0.900214076042175,0.257921665906906,0.206674367189407,0.0632826685905457,2017,Top-Mid,3
Moldova,56,5.837999820709231,1.25182557106018,0.7288706302642819,0.5894652009010309,0.24072904884815197,0.20877912640571603,0.0100912861526012,2017,Top-Mid,3
Romania,57,5.824999809265139,1.15009129047394,1.21768391132355,0.6851583123207089,0.457003742456436,0.133519917726517,0.0043879006989300294,2017,Top-Mid,3
Bolivia,58,5.82299995422363,1.2276190519332901,0.833756566047668,0.47363024950027505,0.5587329268455511,0.22556072473526,0.0604777261614799,2017,Top-Mid,3
Turkmenistan,59,5.82200002670288,1.49314916133881,1.1307767629623402,0.437726080417633,0.41827192902565,0.24992498755454998,0.25927034020423895,2017,Top-Mid,3
Kazakhstan,60,5.8189997673034695,1.3843690156936599,1.2845562696456898,0.6060415506362921,0.43745428323745705,0.20196442306041698,0.11928288638591802,2017,Top-Mid,3
North Cyprus,61,5.80999994277954,1.18630337715149,1.3469113111496,0.834647238254547,0.47120362520217896,0.266845703125,0.155353352427483,2017,Top-Mid,3
Slovenia,62,5.75799989700317,1.4525188207626298,1.3412059545516999,0.7908282279968258,0.572575807571411,0.242649093270302,0.0451289787888527,2017,Top-Mid,3
Peru,63,5.71500015258789,1.21877038478851,1.0352252721786501,0.6301661133766171,0.45000287890434293,0.126819714903831,0.0470490865409374,2017,Top-Mid,3
Mauritius,64,5.62900018692017,1.20956099033356,1.1893955469131499,0.6380074620246889,0.491247326135635,0.360933750867844,0.0421815551817417,2017,Top-Mid,3
Cyprus,65,5.62099981307983,1.13136327266693,1.3559380769729599,0.84471470117569,0.35511153936386103,0.271254301071167,0.0412379764020443,2017,Top-Mid,3
Estonia,66,5.61100006103516,1.47667109966278,1.3208793401718102,0.695168316364288,0.479131430387497,0.0988908112049103,0.18324892222881303,2017,Top-Mid,3
Belarus,67,5.5689997673034695,1.4449452161788898,1.15655755996704,0.6377142667770389,0.295400261878967,0.15513750910759,0.156313821673393,2017,Top-Mid,3
Libya,68,5.525000095367429,1.3575643301010099,1.1018030643463101,0.520169019699097,0.465733230113983,0.15207366645336198,0.0926102101802826,2017,Top-Mid,3
Turkey,69,5.5,1.33775317668915,1.1982743740081798,0.6376056075096129,0.300740599632263,0.0466930419206619,0.0996715798974037,2017,Top-Mid,3
Paraguay,70,5.493000030517581,1.50728487968445,0.932537317276001,0.579250693321228,0.473507791757584,0.224150657653809,0.091065913438797,2017,Top-Mid,3
"Hong Kong S.A.R., China",71,5.47200012207031,1.26279091835022,1.55167484283447,0.943062424659729,0.490968644618988,0.374465793371201,0.29393374919891396,2017,Top-Mid,3
Philippines,72,5.42999982833862,1.25391757488251,0.85769921541214,0.46800905466079706,0.585214674472809,0.193513423204422,0.0993318930268288,2017,Top-Mid,3
Serbia,73,5.39499998092651,1.2581897974014298,1.06931757926941,0.65078467130661,0.20871552824974102,0.22012588381767298,0.0409037806093693,2017,Top-Mid,3
Jordan,74,5.33599996566772,1.2390888929367099,0.9910123944282528,0.6045900583267211,0.418421149253845,0.17217046022415197,0.11980327218771002,2017,Top-Mid,3
Hungary,75,5.32399988174438,1.34313309192657,1.2860119342803997,0.6877634525299069,0.17586351931095098,0.0784016624093056,0.0366369374096394,2017,Top-Mid,3
Jamaica,76,5.31099987030029,1.3682180643081698,0.925579309463501,0.6410223841667181,0.474307239055634,0.23381833732128102,0.0552677810192108,2017,Top-Mid,3
Croatia,77,5.2930002212524405,0.9679830074310299,1.22255623340607,0.701288521289825,0.255772292613983,0.248002976179123,0.0431031100451946,2017,Top-Mid,3
Kosovo,78,5.27899980545044,1.1378535032272301,0.951484382152557,0.541452050209045,0.260287940502167,0.319931447505951,0.0574716180562973,2017,Top-Mid,3
China,79,5.2729997634887695,1.16083741188049,1.08116579055786,0.741415500640869,0.47278770804405196,0.0288068410009146,0.0227942746132612,2017,Low-Mid,2
Pakistan,80,5.26900005340576,0.6726906895637509,0.7268835306167599,0.40204778313636796,0.23521526157856,0.31544601917266807,0.12434806674718901,2017,Low-Mid,2
Indonesia,81,5.26200008392334,1.2744446992874099,0.995538592338562,0.49234572052955605,0.443323463201523,0.611704587936401,0.0153171354904771,2017,Low-Mid,2
Venezuela,82,5.25,1.43133759498596,1.12843120098114,0.617144227027893,0.15399712324142498,0.0650196298956871,0.0644911229610443,2017,Low-Mid,2
Montenegro,83,5.23699998855591,1.23837649822235,1.12112903594971,0.6674646735191351,0.194989055395126,0.197911024093628,0.0881741940975189,2017,Low-Mid,2
Morocco,84,5.2350001335144,0.774864435195923,0.8781145811080929,0.59771066904068,0.408158332109451,0.0322099551558495,0.0877631828188896,2017,Low-Mid,2
Azerbaijan,85,5.234000205993651,1.15240025520325,1.1536017656326298,0.5407757759094239,0.39815583825111406,0.0452693402767181,0.180987507104874,2017,Low-Mid,2
Dominican Republic,86,5.230000019073491,1.4024167060852097,1.07937383651733,0.574873745441437,0.55258983373642,0.186967849731445,0.113945253193378,2017,Low-Mid,2
Greece,87,5.2270002365112305,1.23941457271576,1.28948748111725,0.8101989030838009,0.0957312509417534,0.0,0.043289776891470004,2017,Low-Mid,2
Lebanon,88,5.22499990463257,1.1296242475509601,1.07498753070831,0.7350810766220089,0.28851598501205394,0.26445075869560203,0.037513829767704,2017,Low-Mid,2
Portugal,89,5.19500017166138,1.36704301834106,1.3151752948761002,0.795843541622162,0.498465299606323,0.0951027125120163,0.0158694516867399,2017,Low-Mid,2
Bosnia and Herzegovina,90,5.18200016021729,1.0693359375,0.982409417629242,0.705186307430267,0.204403176903725,0.328867495059967,0.0,2017,Low-Mid,2
Honduras,91,5.1810002326965305,1.14394497871399,0.730573117733002,0.582569479942322,0.348079860210419,0.23618887364864302,0.0733454525470734,2017,Low-Mid,2
Macedonia,92,5.175000190734861,1.20789301395416,1.06457793712616,0.644948184490204,0.325905978679657,0.25376096367836,0.0602777935564518,2017,Low-Mid,2
Somalia,93,5.151000022888179,0.7211513519287109,0.0226431842893362,0.11398913711309401,0.602126955986023,0.291631311178207,0.28241032361984303,2017,Low-Mid,2
Vietnam,94,5.07399988174438,1.27749133110046,0.7885475754737851,0.6521689891815191,0.571055591106415,0.23496805131435397,0.0876332372426987,2017,Low-Mid,2
Nigeria,95,5.07399988174438,1.21577048301697,0.783756256103516,0.0569157302379608,0.394952565431595,0.23094719648361198,0.0261215660721064,2017,Low-Mid,2
Tajikistan,96,5.04099988937378,1.27146327495575,0.524713635444641,0.5292351245880129,0.47156670689582797,0.24899764358997303,0.14637714624404902,2017,Low-Mid,2
Bhutan,97,5.01100015640259,1.3401265144348102,0.885416388511658,0.495879292488098,0.5015376806259161,0.474054545164108,0.17338038980960802,2017,Low-Mid,2
Kyrgyzstan,98,5.0040001869201705,1.39423859119415,0.5962200760841371,0.553457796573639,0.454943388700485,0.42858037352562,0.0394391790032387,2017,Low-Mid,2
Nepal,99,4.961999893188481,1.17928326129913,0.479820191860199,0.504130780696869,0.44030594825744607,0.39409616589546204,0.0729755461215973,2017,Low-Mid,2
Mongolia,100,4.95499992370605,1.4930112361908001,1.0272358655929599,0.557783484458923,0.39414396882057207,0.338464230298996,0.0329022891819477,2017,Low-Mid,2
South Africa,101,4.8289999961853,1.38478863239288,1.05469870567322,0.18708007037639604,0.479246735572815,0.13936237990856198,0.0725094974040985,2017,Low-Mid,2
Tunisia,102,4.80499982833862,0.8683514595031742,1.00726580619812,0.613212049007416,0.289680689573288,0.0496933571994305,0.0867231488227844,2017,Low-Mid,2
Palestinian Territories,103,4.77500009536743,1.1556471586227401,0.716249227523804,0.565666973590851,0.25471106171608,0.114173173904419,0.0892826020717621,2017,Low-Mid,2
Egypt,104,4.7350001335144,0.997471392154694,0.989701807498932,0.520187258720398,0.28211015462875394,0.128631442785263,0.114381365478039,2017,Low-Mid,2
Bulgaria,105,4.71400022506714,1.4343794584274299,1.1614590883255,0.708217680454254,0.28923171758651695,0.113177694380283,0.0110515309497714,2017,Low-Mid,2
Sierra Leone,106,4.70900011062622,0.984136044979095,0.36842092871666,0.005564753897488121,0.318697690963745,0.293040901422501,0.0710951760411263,2017,Low-Mid,2
Cameroon,107,4.69500017166138,0.946018218994141,0.564305365085602,0.132892116904259,0.430388748645782,0.23629845678806302,0.0513066314160824,2017,Low-Mid,2
Iran,108,4.69199991226196,0.7115512490272521,1.15687310695648,0.639333188533783,0.24932260811328896,0.387242913246155,0.048761073499918005,2017,Low-Mid,2
Albania,109,4.64400005340576,0.8036852478981021,0.996192753314972,0.731159746646881,0.381498634815216,0.20131294429302202,0.0398642159998417,2017,Low-Mid,2
Bangladesh,110,4.60799980163574,0.735131740570068,0.586682975292206,0.533241033554077,0.478356659412384,0.17225535213947304,0.123717859387398,2017,Low-Mid,2
Namibia,111,4.57399988174438,1.0984708070755,0.964434325695038,0.33861181139946,0.520303547382355,0.0771337449550629,0.0931469723582268,2017,Low-Mid,2
Kenya,112,4.55299997329712,1.0679507255554201,0.560479462146759,0.30998834967613204,0.45276376605033897,0.444860309362411,0.0646413192152977,2017,Low-Mid,2
Mozambique,113,4.550000190734861,0.870701014995575,0.23430564999580397,0.10665443539619399,0.48079109191894503,0.322228103876114,0.17943638563156103,2017,Low-Mid,2
Myanmar,114,4.54500007629395,1.12323594093323,0.36711055040359497,0.397522568702698,0.514492034912109,0.8380751609802249,0.188816204667091,2017,Low-Mid,2
Senegal,115,4.53499984741211,1.17969191074371,0.479309022426605,0.409362852573395,0.37792226672172496,0.183468893170357,0.11546044796705199,2017,Low-Mid,2
Zambia,116,4.513999938964839,1.00318729877472,0.6364067792892459,0.25783589482307395,0.461603492498398,0.249580144882202,0.0782135501503944,2017,Low-Mid,2
Iraq,117,4.49700021743774,0.978613197803497,1.1027104854583702,0.501180469989777,0.288555532693863,0.19963726401329,0.10721575468778599,2017,Low,1
Gabon,118,4.46500015258789,1.1556202173233001,1.1982102394104,0.35657858848571794,0.31232857704162603,0.0437853783369064,0.0760467872023582,2017,Low,1
Ethiopia,119,4.46000003814697,0.8646692037582401,0.339233845472336,0.35340970754623396,0.408842742443085,0.31265074014663696,0.16545571386814098,2017,Low,1
Sri Lanka,120,4.44000005722046,1.25997638702393,1.00985014438629,0.625130832195282,0.561213254928589,0.49086356163024897,0.0736539661884308,2017,Low,1
Armenia,121,4.37599992752075,1.00748372077942,0.900596737861633,0.637524425983429,0.198303267359734,0.0834880918264389,0.0266744215041399,2017,Low,1
India,122,4.31500005722046,0.754372596740723,0.7922212481498722,0.455427616834641,0.469987004995346,0.23153848946094502,0.0922268852591515,2017,Low,1
Mauritania,123,4.29199981689453,1.2720308303833001,0.6484572887420649,0.285349279642105,0.0960980430245399,0.201870024204254,0.136957004666328,2017,Low,1
Congo (Brazzaville),124,4.29099988937378,0.8320443630218509,0.8089642524719242,0.28995743393898,0.4350258708000179,0.12085212767124198,0.0796181336045265,2017,Low,1
Georgia,125,4.28599977493286,0.57061493396759,0.950612664222717,0.649546980857849,0.309410035610199,0.0540088154375553,0.25166663527488703,2017,Low,1
Congo (Kinshasa),126,4.2800002098083505,1.22902345657349,0.0921023488044739,0.191407024860382,0.235961347818375,0.246455833315849,0.0602413564920425,2017,Low,1
Mali,127,4.19000005722046,1.2814733982086202,0.476180493831635,0.16936567425727803,0.306613743305206,0.183354198932648,0.10497024655342098,2017,Low,1
Ivory Coast,128,4.17999982833862,0.904780030250549,0.6030489206314089,0.0486421696841717,0.4477061927318571,0.201237469911575,0.130061775445938,2017,Low,1
Cambodia,129,4.1680002212524405,1.00623834133148,0.6017650961875921,0.429783403873444,0.633375823497772,0.385922968387604,0.0681059509515762,2017,Low,1
Sudan,130,4.138999938964839,1.21400856971741,0.6595166921615601,0.290920823812485,0.0149958552792668,0.182317450642586,0.089847519993782,2017,Low,1
Ghana,131,4.11999988555908,0.873664736747742,0.667224824428558,0.29563772678375205,0.423026293516159,0.25692394375801103,0.0253363698720932,2017,Low,1
Ukraine,132,4.09600019454956,1.39453756809235,0.89465194940567,0.575903952121735,0.12297477573156401,0.270061463117599,0.0230294708162546,2017,Low,1
Uganda,133,4.08099985122681,1.12982773780823,0.381430715322495,0.21763260662555703,0.443185955286026,0.32576605677604703,0.057069718837738,2017,Low,1
Burkina Faso,134,4.03200006484985,1.04328000545502,0.35022771358490007,0.21584425866603896,0.32436785101890603,0.250864684581757,0.12032810598611803,2017,Low,1
Niger,135,4.02799987792969,0.993025004863739,0.16192533075809498,0.26850500702858,0.36365869641304,0.22867384552955602,0.13857294619083402,2017,Low,1
Malawi,136,3.97000002861023,0.5125688314437871,0.233442038297653,0.315089583396912,0.466914653778076,0.28717046976089505,0.0727116540074348,2017,Low,1
Chad,137,3.9360001087188703,0.953855872154236,0.43801298737525896,0.0411347150802612,0.16234202682972002,0.21611385047435802,0.0535818822681904,2017,Low,1
Zimbabwe,138,3.875,1.08309590816498,0.37584653496742204,0.19676375389099102,0.336384207010269,0.189143493771553,0.0953753814101219,2017,Low,1
Lesotho,139,3.80800008773804,1.19009518623352,0.521021246910095,0.0,0.390661299228668,0.157497271895409,0.119094640016556,2017,Low,1
Angola,140,3.79500007629395,1.1044119596481299,0.8584281802177429,0.0498686656355858,0.0,0.09792649000883098,0.0697203353047371,2017,Low,1
Afghanistan,141,3.7939999103546103,0.581543326377869,0.401477217674255,0.18074677884578697,0.106179520487785,0.311870932579041,0.0611578300595284,2017,Low,1
Botswana,142,3.7660000324249303,1.2215549945831299,1.12209415435791,0.34175550937652605,0.505196332931519,0.0993484482169151,0.0985831990838051,2017,Low,1
Benin,143,3.65700006484985,0.43529984354972795,0.43108540773391707,0.20993021130561804,0.42596277594566295,0.207948461174965,0.0609290152788162,2017,Low,1
Madagascar,144,3.64400005340576,0.9130203723907471,0.305808693170547,0.375223308801651,0.18919676542282102,0.208732530474663,0.0672319754958153,2017,Low,1
Haiti,145,3.6029999256133998,0.640449821949005,0.368610262870789,0.277321130037308,0.0303698573261499,0.48920378088951094,0.0998721495270729,2017,Low,1
Yemen,146,3.59299993515015,0.93538224697113,0.5916834473609921,0.310080915689468,0.24946372210979503,0.104125209152699,0.0567674227058887,2017,Low,1
South Sudan,147,3.5910000801086404,0.601323127746582,0.39724862575531,0.163486003875732,0.147062435746193,0.285670816898346,0.116793513298035,2017,Low,1
Liberia,148,3.5329999923706095,0.8721179366111759,0.11904179304838199,0.229918196797371,0.33288118243217496,0.26654988527298,0.0389482490718365,2017,Low,1
Guinea,149,3.50699996948242,0.7912446856498722,0.24454993009567302,0.194129139184952,0.348587512969971,0.264815092086792,0.110937617719173,2017,Low,1
Togo,150,3.4949998855590803,0.4318825304508211,0.30544471740722695,0.247105568647385,0.38042613863945,0.19689615070819896,0.0956650152802467,2017,Low,1
Rwanda,151,3.47099995613098,0.945707023143768,0.368745893239975,0.326424807310104,0.5818438529968261,0.25275602936744695,0.455220013856888,2017,Low,1
Syria,152,3.46199989318848,0.396102607250214,0.777153134346008,0.5005333423614501,0.0815394446253777,0.49366372823715204,0.15134713053703303,2017,Low,1
Tanzania,153,3.34899997711182,1.04198980331421,0.511135876178741,0.364509284496307,0.390017777681351,0.354256361722946,0.0660351067781448,2017,Low,1
Burundi,154,2.90499997138977,0.629793584346771,0.09162256866693501,0.151610791683197,0.0599007532000542,0.20443518459796897,0.0841479450464249,2017,Low,1
Central African Republic,155,2.69300007820129,0.0,0.0,0.0187726859003305,0.270842045545578,0.280876487493515,0.0565650761127472,2017,Low,1
Finland,1,7.632000000000001,1.5919999999999999,1.305,0.8740000000000001,0.6809999999999999,0.20199999999999999,0.39299999999999996,2018,Top,4
Norway,2,7.593999999999999,1.5819999999999999,1.456,0.861,0.6859999999999999,0.28600000000000003,0.34,2018,Top,4
Denmark,3,7.555,1.59,1.351,0.868,0.6829999999999999,0.284,0.408,2018,Top,4
Iceland,4,7.495,1.6440000000000001,1.3430000000000002,0.914,0.677,0.353,0.138,2018,Top,4
Switzerland,5,7.487,1.5490000000000002,1.42,0.927,0.66,0.256,0.35700000000000004,2018,Top,4
Netherlands,6,7.441,1.4880000000000002,1.361,0.878,0.638,0.33299999999999996,0.295,2018,Top,4
Canada,7,7.327999999999999,1.5319999999999998,1.33,0.8959999999999999,0.653,0.321,0.29100000000000004,2018,Top,4
New Zealand,8,7.324,1.601,1.268,0.8759999999999999,0.669,0.365,0.389,2018,Top,4
Sweden,9,7.314,1.501,1.355,0.9129999999999999,0.659,0.285,0.38299999999999995,2018,Top,4
Australia,10,7.272,1.5730000000000002,1.34,0.91,0.647,0.361,0.302,2018,Top,4
United Kingdom,11,7.19,1.433,1.244,0.888,0.46399999999999997,0.262,0.08199999999999999,2018,Top,4
Austria,12,7.138999999999999,1.504,1.341,0.8909999999999999,0.617,0.242,0.22399999999999998,2018,Top,4
Costa Rica,13,7.072,1.459,1.01,0.8170000000000001,0.632,0.14300000000000002,0.10099999999999999,2018,Top,4
Ireland,14,6.977,1.5830000000000002,1.4480000000000002,0.8759999999999999,0.614,0.307,0.306,2018,Top,4
Germany,15,6.965,1.474,1.34,0.861,0.586,0.273,0.28,2018,Top,4
Belgium,16,6.9270000000000005,1.483,1.324,0.894,0.583,0.188,0.24,2018,Top,4
Luxembourg,17,6.91,1.52,1.5759999999999998,0.8959999999999999,0.632,0.196,0.321,2018,Top,4
United States,18,6.886,1.4709999999999999,1.3980000000000001,0.8190000000000001,0.547,0.29100000000000004,0.133,2018,Top,4
Israel,19,6.814,1.5590000000000002,1.301,0.883,0.5329999999999999,0.354,0.272,2018,Top,4
United Arab Emirates,20,6.774,0.7759999999999999,2.096,0.67,0.284,0.18600000000000003,0.16553649705630166,2018,Top,4
Czech Republic,21,6.711,1.489,1.2329999999999999,0.8540000000000001,0.5429999999999999,0.064,0.034,2018,Top,4
Malta,22,6.627000000000001,1.525,1.27,0.884,0.645,0.376,0.142,2018,Top,4
France,23,6.489,1.466,1.2930000000000001,0.9079999999999999,0.52,0.098,0.17600000000000002,2018,Top,4
Mexico,24,6.4879999999999995,1.252,1.038,0.7609999999999999,0.479,0.069,0.095,2018,Top,4
Chile,25,6.476,1.331,1.131,0.8079999999999999,0.431,0.19699999999999998,0.061,2018,Top,4
Taiwan,26,6.441,1.436,1.365,0.857,0.418,0.151,0.078,2018,Top,4
Panama,27,6.43,1.4380000000000002,1.112,0.759,0.597,0.125,0.063,2018,Top,4
Brazil,28,6.419,1.474,0.986,0.675,0.493,0.11,0.08800000000000001,2018,Top,4
Argentina,29,6.388,1.4680000000000002,1.073,0.7440000000000001,0.57,0.062,0.054000000000000006,2018,Top,4
Guatemala,30,6.382000000000001,1.268,0.7809999999999999,0.608,0.604,0.179,0.071,2018,Top,4
Uruguay,31,6.379,1.459,1.093,0.7709999999999999,0.625,0.13,0.155,2018,Top,4
Qatar,32,6.374,1.3030000000000002,1.649,0.748,0.654,0.256,0.171,2018,Top,4
Saudi Arabia,33,6.371,1.331,1.379,0.633,0.509,0.098,0.127,2018,Top,4
Singapore,34,6.343,1.4509999999999998,1.5290000000000001,1.008,0.631,0.261,0.457,2018,Top,4
Malaysia,35,6.322,1.258,1.161,0.669,0.35600000000000004,0.311,0.059000000000000004,2018,Top,4
Spain,36,6.31,1.538,1.251,0.965,0.449,0.142,0.07400000000000001,2018,Top,4
Colombia,37,6.26,1.439,0.96,0.635,0.531,0.099,0.039,2018,Top,4
Trinidad & Tobago,38,6.192,1.492,1.2229999999999999,0.564,0.575,0.171,0.019,2018,Top,4
Slovakia,39,6.172999999999999,1.537,1.21,0.7759999999999999,0.354,0.11800000000000001,0.013999999999999999,2018,Top,4
El Salvador,40,6.167000000000001,1.2309999999999999,0.8059999999999999,0.639,0.461,0.065,0.08199999999999999,2018,Top-Mid,3
Nicaragua,41,6.141,1.319,0.6679999999999999,0.7,0.527,0.20800000000000002,0.128,2018,Top-Mid,3
Poland,42,6.122999999999999,1.4480000000000002,1.176,0.7809999999999999,0.546,0.10800000000000001,0.064,2018,Top-Mid,3
Bahrain,43,6.105,1.3659999999999999,1.338,0.698,0.594,0.243,0.12300000000000001,2018,Top-Mid,3
Uzbekistan,44,6.096,1.584,0.7190000000000001,0.605,0.7240000000000001,0.32799999999999996,0.259,2018,Top-Mid,3
Kuwait,45,6.082999999999999,1.301,1.474,0.675,0.5539999999999999,0.16699999999999998,0.106,2018,Top-Mid,3
Thailand,46,6.072,1.4169999999999998,1.016,0.7070000000000001,0.637,0.364,0.028999999999999998,2018,Top-Mid,3
Italy,47,6.0,1.501,1.264,0.946,0.281,0.13699999999999998,0.027999999999999997,2018,Top-Mid,3
Ecuador,48,5.973,1.33,0.889,0.736,0.556,0.114,0.12,2018,Top-Mid,3
Belize,49,5.956,1.101,0.807,0.474,0.593,0.183,0.08900000000000001,2018,Top-Mid,3
Lithuania,50,5.952000000000001,1.527,1.197,0.716,0.35,0.026000000000000002,0.006,2018,Top-Mid,3
Slovenia,51,5.9479999999999995,1.506,1.219,0.856,0.633,0.16,0.051,2018,Top-Mid,3
Romania,52,5.945,1.219,1.1159999999999999,0.726,0.528,0.08800000000000001,0.001,2018,Top-Mid,3
Latvia,53,5.933,1.454,1.148,0.6709999999999999,0.363,0.092,0.066,2018,Top-Mid,3
Japan,54,5.915,1.462,1.294,0.988,0.5529999999999999,0.079,0.15,2018,Top-Mid,3
Mauritius,55,5.891,1.3869999999999998,1.09,0.684,0.584,0.245,0.05,2018,Top-Mid,3
Jamaica,56,5.89,1.493,0.8190000000000001,0.693,0.575,0.096,0.031,2018,Top-Mid,3
South Korea,57,5.875,1.204,1.266,0.955,0.244,0.175,0.051,2018,Top-Mid,3
Northern Cyprus,58,5.835,1.2109999999999999,1.229,0.909,0.495,0.179,0.154,2018,Top-Mid,3
Russia,59,5.81,1.479,1.151,0.599,0.39899999999999997,0.065,0.025,2018,Top-Mid,3
Kazakhstan,60,5.79,1.516,1.143,0.631,0.45399999999999996,0.14800000000000002,0.121,2018,Top-Mid,3
Cyprus,61,5.7620000000000005,1.1909999999999998,1.229,0.909,0.423,0.20199999999999999,0.035,2018,Top-Mid,3
Bolivia,62,5.752000000000001,1.2229999999999999,0.7509999999999999,0.508,0.606,0.141,0.054000000000000006,2018,Top-Mid,3
Estonia,63,5.739,1.5319999999999998,1.2,0.737,0.5529999999999999,0.086,0.174,2018,Top-Mid,3
Paraguay,64,5.681,1.5219999999999998,0.835,0.615,0.541,0.162,0.07400000000000001,2018,Top-Mid,3
Peru,65,5.662999999999999,1.249,0.934,0.674,0.53,0.092,0.034,2018,Top-Mid,3
Kosovo,66,5.662000000000001,1.23,0.855,0.578,0.44799999999999995,0.27399999999999997,0.023,2018,Top-Mid,3
Moldova,67,5.64,1.301,0.657,0.62,0.23199999999999998,0.171,0.0,2018,Top-Mid,3
Turkmenistan,68,5.636,1.5330000000000001,1.016,0.517,0.41700000000000004,0.19899999999999998,0.037000000000000005,2018,Top-Mid,3
Hungary,69,5.62,1.401,1.171,0.732,0.259,0.061,0.022000000000000002,2018,Top-Mid,3
Libya,70,5.566,1.35,0.985,0.5529999999999999,0.496,0.11599999999999999,0.14800000000000002,2018,Top-Mid,3
Philippines,71,5.524,1.3119999999999998,0.775,0.513,0.643,0.12,0.105,2018,Top-Mid,3
Honduras,72,5.504,1.205,0.62,0.622,0.45899999999999996,0.19699999999999998,0.07400000000000001,2018,Top-Mid,3
Belarus,73,5.483,1.4980000000000002,1.0390000000000001,0.7,0.307,0.10099999999999999,0.154,2018,Top-Mid,3
Turkey,74,5.483,1.38,1.148,0.6859999999999999,0.324,0.106,0.109,2018,Top-Mid,3
Pakistan,75,5.472,0.81,0.652,0.424,0.33399999999999996,0.21600000000000003,0.113,2018,Top-Mid,3
Hong Kong,76,5.43,1.29,1.405,1.03,0.524,0.24600000000000002,0.29100000000000004,2018,Top-Mid,3
Portugal,77,5.41,1.429,1.188,0.884,0.562,0.055,0.017,2018,Top-Mid,3
Serbia,78,5.398,1.369,0.975,0.685,0.28800000000000003,0.134,0.043,2018,Top-Mid,3
Greece,79,5.358,1.202,1.1540000000000001,0.879,0.131,0.0,0.044000000000000004,2018,Low-Mid,2
Lebanon,80,5.358,1.179,0.965,0.785,0.503,0.214,0.136,2018,Low-Mid,2
Montenegro,81,5.347,1.2790000000000001,1.0170000000000001,0.7290000000000001,0.259,0.111,0.081,2018,Low-Mid,2
Croatia,82,5.321000000000001,1.161,1.115,0.737,0.38,0.12,0.039,2018,Low-Mid,2
Dominican Republic,83,5.3020000000000005,1.4409999999999998,0.982,0.614,0.578,0.12,0.106,2018,Low-Mid,2
Algeria,84,5.295,1.1540000000000001,0.9790000000000001,0.687,0.077,0.055,0.135,2018,Low-Mid,2
Morocco,85,5.254,0.797,0.779,0.669,0.46,0.026000000000000002,0.07400000000000001,2018,Low-Mid,2
China,86,5.246,1.1420000000000001,0.9890000000000001,0.799,0.597,0.028999999999999998,0.10300000000000001,2018,Low-Mid,2
Azerbaijan,87,5.2010000000000005,1.161,1.024,0.603,0.43,0.031,0.17600000000000002,2018,Low-Mid,2
Tajikistan,88,5.199,1.166,0.474,0.598,0.292,0.187,0.034,2018,Low-Mid,2
Macedonia,89,5.185,1.239,0.9590000000000001,0.691,0.39399999999999996,0.17300000000000001,0.052000000000000005,2018,Low-Mid,2
Jordan,90,5.1610000000000005,1.265,0.8220000000000001,0.645,0.46799999999999997,0.13,0.134,2018,Low-Mid,2
Nigeria,91,5.155,1.172,0.6890000000000001,0.048,0.462,0.201,0.032,2018,Low-Mid,2
Kyrgyzstan,92,5.131,1.416,0.53,0.594,0.54,0.281,0.035,2018,Low-Mid,2
Bosnia and Herzegovina,93,5.129,1.078,0.915,0.758,0.28,0.21600000000000003,0.0,2018,Low-Mid,2
Mongolia,94,5.125,1.517,0.914,0.575,0.395,0.253,0.032,2018,Low-Mid,2
Vietnam,95,5.103,1.365,0.715,0.7020000000000001,0.618,0.177,0.079,2018,Low-Mid,2
Indonesia,96,5.093,1.215,0.899,0.522,0.5379999999999999,0.484,0.018000000000000002,2018,Low-Mid,2
Bhutan,97,5.082,1.335,0.7959999999999999,0.527,0.541,0.364,0.171,2018,Low-Mid,2
Somalia,98,4.982,0.7120000000000001,0.0,0.115,0.674,0.23800000000000002,0.282,2018,Low-Mid,2
Cameroon,99,4.975,0.8909999999999999,0.535,0.182,0.45399999999999996,0.183,0.043,2018,Low-Mid,2
Bulgaria,100,4.933,1.515,1.054,0.7120000000000001,0.359,0.064,0.009000000000000001,2018,Low-Mid,2
Nepal,101,4.88,1.228,0.425,0.539,0.526,0.302,0.078,2018,Low-Mid,2
Venezuela,102,4.806,1.469,0.996,0.657,0.133,0.055999999999999994,0.052000000000000005,2018,Low-Mid,2
Gabon,103,4.758,1.1640000000000001,1.036,0.40399999999999997,0.35600000000000004,0.032,0.052000000000000005,2018,Low-Mid,2
Palestinian Territories,104,4.743,1.217,0.642,0.602,0.266,0.086,0.076,2018,Low-Mid,2
South Africa,105,4.724,1.41,0.94,0.33,0.516,0.10300000000000001,0.055999999999999994,2018,Low-Mid,2
Iran,106,4.707,0.7709999999999999,1.0590000000000002,0.691,0.45899999999999996,0.282,0.129,2018,Low-Mid,2
Ivory Coast,107,4.671,0.872,0.541,0.08,0.467,0.146,0.10300000000000001,2018,Low-Mid,2
Ghana,108,4.657,0.8959999999999999,0.5920000000000001,0.337,0.499,0.212,0.028999999999999998,2018,Low-Mid,2
Senegal,109,4.631,1.117,0.429,0.433,0.406,0.138,0.08199999999999999,2018,Low-Mid,2
Laos,110,4.623,1.034,0.72,0.441,0.626,0.23,0.174,2018,Low-Mid,2
Tunisia,111,4.592,0.9059999999999999,0.9,0.69,0.271,0.04,0.063,2018,Low-Mid,2
Albania,112,4.586,0.8170000000000001,0.9159999999999999,0.79,0.419,0.149,0.032,2018,Low-Mid,2
Sierra Leone,113,4.571000000000001,0.813,0.256,0.0,0.355,0.23800000000000002,0.053,2018,Low-Mid,2
Congo (Brazzaville),114,4.559,0.8109999999999999,0.682,0.34299999999999997,0.514,0.091,0.077,2018,Low-Mid,2
Bangladesh,115,4.5,0.85,0.532,0.579,0.58,0.153,0.14400000000000002,2018,Low-Mid,2
Sri Lanka,116,4.471,1.314,0.9179999999999999,0.672,0.585,0.307,0.05,2018,Low-Mid,2
Iraq,117,4.456,0.971,1.01,0.536,0.304,0.14800000000000002,0.095,2018,Low-Mid,2
Mali,118,4.447,1.2329999999999999,0.37,0.152,0.36700000000000005,0.139,0.055999999999999994,2018,Low,1
Namibia,119,4.441,1.281,0.8740000000000001,0.365,0.519,0.051,0.064,2018,Low,1
Cambodia,120,4.433,1.088,0.5489999999999999,0.457,0.696,0.256,0.065,2018,Low,1
Burkina Faso,121,4.4239999999999995,1.097,0.314,0.254,0.312,0.175,0.128,2018,Low,1
Egypt,122,4.419,1.025,0.885,0.5529999999999999,0.312,0.092,0.107,2018,Low,1
Mozambique,123,4.417,0.902,0.198,0.17300000000000001,0.531,0.20600000000000002,0.158,2018,Low,1
Kenya,124,4.41,1.048,0.493,0.45399999999999996,0.504,0.35200000000000004,0.055,2018,Low,1
Zambia,125,4.377,1.047,0.562,0.295,0.503,0.221,0.08199999999999999,2018,Low,1
Mauritania,126,4.356,1.245,0.557,0.292,0.129,0.134,0.09300000000000001,2018,Low,1
Ethiopia,127,4.35,0.95,0.308,0.391,0.452,0.22,0.146,2018,Low,1
Georgia,128,4.34,0.5920000000000001,0.853,0.643,0.375,0.038,0.215,2018,Low,1
Armenia,129,4.321000000000001,0.99,0.816,0.6659999999999999,0.26,0.077,0.027999999999999997,2018,Low,1
Myanmar,130,4.308,1.1740000000000002,0.682,0.429,0.58,0.598,0.17800000000000002,2018,Low,1
Chad,131,4.301,0.907,0.358,0.053,0.18899999999999997,0.18100000000000002,0.06,2018,Low,1
Congo (Kinshasa),132,4.245,1.136,0.069,0.204,0.312,0.19699999999999998,0.052000000000000005,2018,Low,1
India,133,4.19,0.747,0.721,0.485,0.539,0.172,0.09300000000000001,2018,Low,1
Niger,134,4.166,0.867,0.131,0.221,0.39,0.175,0.099,2018,Low,1
Uganda,135,4.1610000000000005,1.09,0.322,0.237,0.45,0.259,0.061,2018,Low,1
Benin,136,4.141,0.37200000000000005,0.37799999999999995,0.24,0.44,0.163,0.067,2018,Low,1
Sudan,137,4.138999999999999,1.24,0.605,0.312,0.016,0.134,0.08199999999999999,2018,Low,1
Ukraine,138,4.103,1.413,0.7929999999999999,0.609,0.163,0.187,0.011000000000000001,2018,Low,1
Togo,139,3.9989999999999997,0.474,0.259,0.253,0.434,0.158,0.10099999999999999,2018,Low,1
Guinea,140,3.964,0.792,0.344,0.21100000000000002,0.39399999999999996,0.185,0.094,2018,Low,1
Lesotho,141,3.8080000000000003,1.215,0.47200000000000003,0.079,0.423,0.11599999999999999,0.11199999999999999,2018,Low,1
Angola,142,3.795,1.125,0.73,0.26899999999999996,0.0,0.079,0.061,2018,Low,1
Madagascar,143,3.7739999999999996,0.9079999999999999,0.262,0.402,0.221,0.155,0.049,2018,Low,1
Zimbabwe,144,3.6919999999999997,1.094,0.35700000000000004,0.248,0.406,0.132,0.099,2018,Low,1
Afghanistan,145,3.6319999999999997,0.537,0.332,0.255,0.085,0.191,0.036000000000000004,2018,Low,1
Botswana,146,3.59,1.1740000000000002,1.0170000000000001,0.41700000000000004,0.557,0.042,0.092,2018,Low,1
Malawi,147,3.5869999999999997,0.541,0.18600000000000003,0.306,0.531,0.21,0.08,2018,Low,1
Haiti,148,3.582,0.7140000000000001,0.315,0.289,0.025,0.392,0.10400000000000001,2018,Low,1
Liberia,149,3.495,0.858,0.076,0.267,0.419,0.20600000000000002,0.03,2018,Low,1
Syria,150,3.4619999999999997,0.382,0.6890000000000001,0.539,0.08800000000000001,0.376,0.14400000000000002,2018,Low,1
Rwanda,151,3.408,0.8959999999999999,0.332,0.4,0.636,0.2,0.444,2018,Low,1
Yemen,152,3.355,1.073,0.442,0.34299999999999997,0.244,0.083,0.064,2018,Low,1
Tanzania,153,3.303,0.991,0.455,0.381,0.48100000000000004,0.27,0.09699999999999999,2018,Low,1
South Sudan,154,3.2539999999999996,0.608,0.337,0.177,0.11199999999999999,0.22399999999999998,0.106,2018,Low,1
Central African Republic,155,3.083,0.0,0.024,0.01,0.305,0.218,0.038,2018,Low,1
Burundi,156,2.905,0.627,0.091,0.145,0.065,0.149,0.076,2018,Low,1
Finland,1,7.769,1.587,1.34,0.986,0.596,0.153,0.39299999999999996,2019,Top,4
Denmark,2,7.6,1.5730000000000002,1.383,0.996,0.5920000000000001,0.252,0.41,2019,Top,4
Norway,3,7.553999999999999,1.5819999999999999,1.4880000000000002,1.028,0.603,0.271,0.341,2019,Top,4
Iceland,4,7.494,1.624,1.38,1.026,0.591,0.354,0.11800000000000001,2019,Top,4
Netherlands,5,7.4879999999999995,1.5219999999999998,1.396,0.9990000000000001,0.557,0.322,0.298,2019,Top,4
Switzerland,6,7.48,1.526,1.452,1.052,0.5720000000000001,0.263,0.34299999999999997,2019,Top,4
Sweden,7,7.343,1.4869999999999999,1.3869999999999998,1.0090000000000001,0.574,0.267,0.373,2019,Top,4
New Zealand,8,7.307,1.557,1.3030000000000002,1.026,0.585,0.33,0.38,2019,Top,4
Canada,9,7.278,1.505,1.365,1.0390000000000001,0.584,0.285,0.308,2019,Top,4
Austria,10,7.246,1.475,1.376,1.016,0.532,0.244,0.226,2019,Top,4
Australia,11,7.228,1.548,1.3719999999999999,1.036,0.557,0.332,0.29,2019,Top,4
Costa Rica,12,7.167000000000001,1.4409999999999998,1.034,0.963,0.5579999999999999,0.14400000000000002,0.09300000000000001,2019,Top,4
Israel,13,7.138999999999999,1.455,1.276,1.0290000000000001,0.371,0.261,0.08199999999999999,2019,Top,4
Luxembourg,14,7.09,1.479,1.609,1.012,0.526,0.19399999999999998,0.316,2019,Top,4
United Kingdom,15,7.053999999999999,1.538,1.3330000000000002,0.996,0.45,0.348,0.278,2019,Top,4
Ireland,16,7.021,1.5530000000000002,1.499,0.9990000000000001,0.516,0.298,0.31,2019,Top,4
Germany,17,6.985,1.454,1.3730000000000002,0.987,0.495,0.261,0.265,2019,Top,4
Belgium,18,6.922999999999999,1.504,1.3559999999999999,0.986,0.473,0.16,0.21,2019,Top,4
United States,19,6.892,1.4569999999999999,1.433,0.8740000000000001,0.45399999999999996,0.28,0.128,2019,Top,4
Czech Republic,20,6.852,1.4869999999999999,1.2690000000000001,0.92,0.457,0.046,0.036000000000000004,2019,Top,4
United Arab Emirates,21,6.825,1.31,1.5030000000000001,0.825,0.598,0.262,0.182,2019,Top,4
Malta,22,6.726,1.52,1.3,0.9990000000000001,0.564,0.375,0.151,2019,Top,4
Mexico,23,6.595,1.3230000000000002,1.07,0.861,0.433,0.07400000000000001,0.073,2019,Top,4
France,24,6.5920000000000005,1.472,1.324,1.045,0.436,0.111,0.183,2019,Top,4
Taiwan,25,6.446000000000001,1.43,1.368,0.914,0.35100000000000003,0.242,0.09699999999999999,2019,Top,4
Chile,26,6.444,1.369,1.159,0.92,0.35700000000000004,0.187,0.055999999999999994,2019,Top,4
Guatemala,27,6.436,1.2690000000000001,0.8,0.746,0.535,0.175,0.078,2019,Top,4
Saudi Arabia,28,6.375,1.357,1.403,0.795,0.439,0.08,0.132,2019,Top,4
Qatar,29,6.374,1.3130000000000002,1.6840000000000002,0.871,0.555,0.22,0.16699999999999998,2019,Top,4
Spain,30,6.354,1.484,1.286,1.062,0.36200000000000004,0.153,0.079,2019,Top,4
Panama,31,6.321000000000001,1.442,1.149,0.91,0.516,0.109,0.054000000000000006,2019,Top,4
Brazil,32,6.3,1.439,1.004,0.802,0.39,0.099,0.086,2019,Top,4
Uruguay,33,6.292999999999999,1.465,1.124,0.8909999999999999,0.523,0.127,0.15,2019,Top,4
Singapore,34,6.2620000000000005,1.463,1.5719999999999998,1.141,0.556,0.271,0.45299999999999996,2019,Top,4
El Salvador,35,6.252999999999999,1.242,0.794,0.789,0.43,0.09300000000000001,0.07400000000000001,2019,Top,4
Italy,36,6.223,1.4880000000000002,1.294,1.0390000000000001,0.231,0.158,0.03,2019,Top,4
Bahrain,37,6.199,1.368,1.3619999999999999,0.871,0.536,0.255,0.11,2019,Top,4
Slovakia,38,6.1979999999999995,1.504,1.246,0.8809999999999999,0.33399999999999996,0.121,0.013999999999999999,2019,Top,4
Trinidad & Tobago,39,6.192,1.4769999999999999,1.2309999999999999,0.713,0.489,0.185,0.016,2019,Top,4
Poland,40,6.182,1.4380000000000002,1.206,0.884,0.483,0.11699999999999999,0.05,2019,Top-Mid,3
Uzbekistan,41,6.1739999999999995,1.5290000000000001,0.745,0.7559999999999999,0.631,0.322,0.24,2019,Top-Mid,3
Lithuania,42,6.149,1.515,1.238,0.818,0.29100000000000004,0.043,0.042,2019,Top-Mid,3
Colombia,43,6.125,1.41,0.985,0.841,0.47,0.099,0.034,2019,Top-Mid,3
Slovenia,44,6.117999999999999,1.5230000000000001,1.258,0.953,0.564,0.14400000000000002,0.057,2019,Top-Mid,3
Nicaragua,45,6.105,1.325,0.6940000000000001,0.835,0.435,0.2,0.127,2019,Top-Mid,3
Kosovo,46,6.1,1.232,0.882,0.758,0.489,0.262,0.006,2019,Top-Mid,3
Argentina,47,6.086,1.432,1.092,0.8809999999999999,0.47100000000000003,0.066,0.05,2019,Top-Mid,3
Romania,48,6.07,1.232,1.162,0.825,0.462,0.083,0.005,2019,Top-Mid,3
Cyprus,49,6.046,1.2229999999999999,1.263,1.042,0.406,0.19,0.040999999999999995,2019,Top-Mid,3
Ecuador,50,6.028,1.3119999999999998,0.912,0.868,0.498,0.126,0.087,2019,Top-Mid,3
Kuwait,51,6.021,1.319,1.5,0.8079999999999999,0.493,0.142,0.09699999999999999,2019,Top-Mid,3
Thailand,52,6.007999999999999,1.409,1.05,0.828,0.557,0.359,0.027999999999999997,2019,Top-Mid,3
Latvia,53,5.94,1.465,1.187,0.812,0.264,0.075,0.064,2019,Top-Mid,3
South Korea,54,5.895,1.219,1.301,1.036,0.159,0.175,0.055999999999999994,2019,Top-Mid,3
Estonia,55,5.893,1.528,1.237,0.8740000000000001,0.495,0.10300000000000001,0.161,2019,Top-Mid,3
Jamaica,56,5.89,1.4780000000000002,0.831,0.831,0.49,0.107,0.027999999999999997,2019,Top-Mid,3
Mauritius,57,5.888,1.402,1.12,0.7979999999999999,0.498,0.215,0.06,2019,Top-Mid,3
Japan,58,5.886,1.419,1.327,1.088,0.445,0.069,0.14,2019,Top-Mid,3
Honduras,59,5.86,1.236,0.642,0.828,0.507,0.24600000000000002,0.078,2019,Top-Mid,3
Kazakhstan,60,5.809,1.508,1.173,0.7290000000000001,0.41,0.146,0.096,2019,Top-Mid,3
Bolivia,61,5.779,1.209,0.7759999999999999,0.706,0.511,0.13699999999999998,0.064,2019,Top-Mid,3
Hungary,62,5.757999999999999,1.41,1.2009999999999998,0.828,0.19899999999999998,0.081,0.02,2019,Top-Mid,3
Paraguay,63,5.742999999999999,1.475,0.855,0.777,0.514,0.184,0.08,2019,Top-Mid,3
Northern Cyprus,64,5.718,1.252,1.263,1.042,0.41700000000000004,0.191,0.162,2019,Top-Mid,3
Peru,65,5.697,1.274,0.96,0.8540000000000001,0.455,0.083,0.027000000000000003,2019,Top-Mid,3
Portugal,66,5.693,1.431,1.2209999999999999,0.9990000000000001,0.508,0.047,0.025,2019,Top-Mid,3
Pakistan,67,5.653,0.8859999999999999,0.677,0.535,0.313,0.22,0.098,2019,Top-Mid,3
Russia,68,5.648,1.452,1.183,0.726,0.33399999999999996,0.08199999999999999,0.031,2019,Top-Mid,3
Philippines,69,5.631,1.2930000000000001,0.807,0.657,0.5579999999999999,0.11699999999999999,0.107,2019,Top-Mid,3
Serbia,70,5.603,1.383,1.004,0.8540000000000001,0.282,0.13699999999999998,0.039,2019,Top-Mid,3
Moldova,71,5.529,1.328,0.685,0.7390000000000001,0.245,0.18100000000000002,0.0,2019,Top-Mid,3
Libya,72,5.525,1.3030000000000002,1.044,0.6729999999999999,0.41600000000000004,0.133,0.152,2019,Top-Mid,3
Montenegro,73,5.523,1.361,1.051,0.871,0.19699999999999998,0.142,0.08,2019,Top-Mid,3
Tajikistan,74,5.4670000000000005,1.0979999999999999,0.493,0.718,0.389,0.23,0.14400000000000002,2019,Top-Mid,3
Croatia,75,5.432,1.266,1.155,0.914,0.29600000000000004,0.11900000000000001,0.022000000000000002,2019,Top-Mid,3
Hong Kong,76,5.43,1.2770000000000001,1.4380000000000002,1.122,0.44,0.258,0.287,2019,Top-Mid,3
Dominican Republic,77,5.425,1.401,1.015,0.779,0.49700000000000005,0.113,0.10099999999999999,2019,Top-Mid,3
Bosnia and Herzegovina,78,5.386,1.212,0.945,0.845,0.212,0.263,0.006,2019,Top-Mid,3
Turkey,79,5.372999999999999,1.36,1.183,0.8079999999999999,0.195,0.083,0.106,2019,Low-Mid,2
Malaysia,80,5.3389999999999995,1.171,1.2209999999999999,0.828,0.508,0.26,0.024,2019,Low-Mid,2
Belarus,81,5.3229999999999995,1.465,1.067,0.789,0.235,0.094,0.142,2019,Low-Mid,2
Greece,82,5.287000000000001,1.156,1.181,0.9990000000000001,0.067,0.0,0.034,2019,Low-Mid,2
Mongolia,83,5.285,1.531,0.948,0.667,0.317,0.235,0.038,2019,Low-Mid,2
North Macedonia,84,5.274,1.294,0.983,0.838,0.345,0.185,0.034,2019,Low-Mid,2
Nigeria,85,5.265,1.111,0.696,0.245,0.426,0.215,0.040999999999999995,2019,Low-Mid,2
Kyrgyzstan,86,5.261,1.4380000000000002,0.551,0.723,0.508,0.3,0.023,2019,Low-Mid,2
Turkmenistan,87,5.247000000000001,1.538,1.052,0.657,0.39399999999999996,0.244,0.027999999999999997,2019,Low-Mid,2
Algeria,88,5.211,1.16,1.002,0.785,0.086,0.073,0.114,2019,Low-Mid,2
Morocco,89,5.207999999999999,0.782,0.8009999999999999,0.782,0.418,0.036000000000000004,0.076,2019,Low-Mid,2
Azerbaijan,90,5.207999999999999,1.147,1.043,0.769,0.35100000000000003,0.035,0.182,2019,Low-Mid,2
Lebanon,91,5.197,1.224,0.987,0.815,0.21600000000000003,0.166,0.027000000000000003,2019,Low-Mid,2
Indonesia,92,5.192,1.203,0.9309999999999999,0.66,0.491,0.498,0.027999999999999997,2019,Low-Mid,2
China,93,5.191,1.125,1.0290000000000001,0.893,0.521,0.057999999999999996,0.1,2019,Low-Mid,2
Vietnam,94,5.175,1.3459999999999999,0.741,0.851,0.5429999999999999,0.147,0.073,2019,Low-Mid,2
Bhutan,95,5.082,1.321,0.813,0.604,0.457,0.37,0.16699999999999998,2019,Low-Mid,2
Cameroon,96,5.044,0.91,0.5489999999999999,0.331,0.381,0.187,0.037000000000000005,2019,Low-Mid,2
Bulgaria,97,5.011,1.5130000000000001,1.092,0.815,0.311,0.081,0.004,2019,Low-Mid,2
Ghana,98,4.996,0.868,0.611,0.486,0.381,0.245,0.04,2019,Low-Mid,2
Ivory Coast,99,4.944,0.8079999999999999,0.569,0.23199999999999998,0.35200000000000004,0.154,0.09,2019,Low-Mid,2
Nepal,100,4.913,1.226,0.446,0.677,0.439,0.285,0.08900000000000001,2019,Low-Mid,2
Jordan,101,4.906000000000001,1.225,0.8370000000000001,0.815,0.38299999999999995,0.11,0.13,2019,Low-Mid,2
Benin,102,4.883,0.43700000000000006,0.39299999999999996,0.397,0.349,0.175,0.08199999999999999,2019,Low-Mid,2
Congo (Brazzaville),103,4.812,0.799,0.6729999999999999,0.508,0.37200000000000005,0.105,0.09300000000000001,2019,Low-Mid,2
Gabon,104,4.7989999999999995,1.183,1.057,0.5710000000000001,0.295,0.043,0.055,2019,Low-Mid,2
Laos,105,4.796,1.03,0.764,0.551,0.547,0.266,0.16399999999999998,2019,Low-Mid,2
South Africa,106,4.7219999999999995,1.351,0.96,0.469,0.389,0.13,0.055,2019,Low-Mid,2
Albania,107,4.718999999999999,0.848,0.9470000000000001,0.8740000000000001,0.38299999999999995,0.17800000000000002,0.027000000000000003,2019,Low-Mid,2
Venezuela,108,4.707,1.4269999999999998,0.96,0.805,0.154,0.064,0.047,2019,Low-Mid,2
Cambodia,109,4.7,1.122,0.574,0.637,0.609,0.23199999999999998,0.062,2019,Low-Mid,2
Palestinian Territories,110,4.696000000000001,1.247,0.657,0.672,0.225,0.10300000000000001,0.066,2019,Low-Mid,2
Senegal,111,4.681,1.1340000000000001,0.45,0.5710000000000001,0.292,0.153,0.07200000000000001,2019,Low-Mid,2
Somalia,112,4.668,0.698,0.0,0.268,0.5589999999999999,0.243,0.27,2019,Low-Mid,2
Namibia,113,4.638999999999999,1.3130000000000002,0.879,0.47700000000000004,0.401,0.07,0.055999999999999994,2019,Low-Mid,2
Niger,114,4.628,0.774,0.138,0.366,0.318,0.188,0.102,2019,Low-Mid,2
Burkina Faso,115,4.587,1.056,0.331,0.38,0.255,0.177,0.113,2019,Low-Mid,2
Armenia,116,4.559,1.055,0.85,0.815,0.28300000000000003,0.095,0.064,2019,Low-Mid,2
Iran,117,4.548,0.8420000000000001,1.1,0.785,0.305,0.27,0.125,2019,Low-Mid,2
Guinea,118,4.534,0.8290000000000001,0.38,0.375,0.332,0.207,0.086,2019,Low,1
Georgia,119,4.519,0.6659999999999999,0.8859999999999999,0.752,0.34600000000000003,0.043,0.16399999999999998,2019,Low,1
Gambia,120,4.516,0.9390000000000001,0.308,0.428,0.382,0.26899999999999996,0.16699999999999998,2019,Low,1
Kenya,121,4.5089999999999995,0.983,0.512,0.581,0.431,0.37200000000000005,0.053,2019,Low,1
Mauritania,122,4.49,1.167,0.57,0.489,0.066,0.106,0.08800000000000001,2019,Low,1
Mozambique,123,4.466,0.986,0.204,0.39,0.494,0.19699999999999998,0.138,2019,Low,1
Tunisia,124,4.461,1.0,0.9209999999999999,0.815,0.16699999999999998,0.059000000000000004,0.055,2019,Low,1
Bangladesh,125,4.456,0.9279999999999999,0.562,0.723,0.527,0.166,0.14300000000000002,2019,Low,1
Iraq,126,4.437,0.98,1.043,0.574,0.24100000000000002,0.14800000000000002,0.08900000000000001,2019,Low,1
Congo (Kinshasa),127,4.418,1.125,0.094,0.35700000000000004,0.26899999999999996,0.212,0.053,2019,Low,1
Mali,128,4.39,1.105,0.385,0.308,0.327,0.153,0.052000000000000005,2019,Low,1
Sierra Leone,129,4.374,0.841,0.268,0.242,0.309,0.252,0.045,2019,Low,1
Sri Lanka,130,4.3660000000000005,1.265,0.9490000000000001,0.831,0.47,0.244,0.047,2019,Low,1
Myanmar,131,4.36,1.181,0.71,0.555,0.525,0.5660000000000001,0.172,2019,Low,1
Chad,132,4.35,0.7659999999999999,0.35,0.192,0.174,0.198,0.078,2019,Low,1
Ukraine,133,4.332,1.39,0.82,0.7390000000000001,0.17800000000000002,0.187,0.01,2019,Low,1
Ethiopia,134,4.2860000000000005,1.033,0.336,0.532,0.344,0.209,0.1,2019,Low,1
Swaziland,135,4.212,1.149,0.8109999999999999,0.0,0.313,0.07400000000000001,0.135,2019,Low,1
Uganda,136,4.189,1.069,0.332,0.44299999999999995,0.35600000000000004,0.252,0.06,2019,Low,1
Egypt,137,4.166,1.0390000000000001,0.9129999999999999,0.644,0.24100000000000002,0.076,0.067,2019,Low,1
Zambia,138,4.107,1.058,0.578,0.426,0.431,0.247,0.087,2019,Low,1
Togo,139,4.085,0.5720000000000001,0.275,0.41,0.293,0.177,0.085,2019,Low,1
India,140,4.015,0.765,0.755,0.588,0.498,0.2,0.085,2019,Low,1
Liberia,141,3.975,0.922,0.073,0.44299999999999995,0.37,0.233,0.033,2019,Low,1
Comoros,142,3.9730000000000003,0.757,0.27399999999999997,0.505,0.142,0.275,0.078,2019,Low,1
Madagascar,143,3.9330000000000003,0.9159999999999999,0.27399999999999997,0.555,0.14800000000000002,0.16899999999999998,0.040999999999999995,2019,Low,1
Lesotho,144,3.802,1.169,0.489,0.168,0.359,0.107,0.09300000000000001,2019,Low,1
Burundi,145,3.775,0.447,0.046,0.38,0.22,0.17600000000000002,0.18,2019,Low,1
Zimbabwe,146,3.6630000000000003,1.114,0.366,0.433,0.361,0.151,0.08900000000000001,2019,Low,1
Haiti,147,3.597,0.688,0.32299999999999995,0.449,0.026000000000000002,0.419,0.11,2019,Low,1
Botswana,148,3.488,1.145,1.041,0.5379999999999999,0.455,0.025,0.1,2019,Low,1
Syria,149,3.4619999999999997,0.37799999999999995,0.619,0.44,0.013000000000000001,0.331,0.141,2019,Low,1
Malawi,150,3.41,0.56,0.191,0.495,0.44299999999999995,0.218,0.08900000000000001,2019,Low,1
Yemen,151,3.38,1.163,0.287,0.46299999999999997,0.14300000000000002,0.10800000000000001,0.077,2019,Low,1
Rwanda,152,3.3339999999999996,0.711,0.359,0.614,0.555,0.217,0.41100000000000003,2019,Low,1
Tanzania,153,3.2310000000000003,0.885,0.47600000000000003,0.499,0.41700000000000004,0.276,0.147,2019,Low,1
Afghanistan,154,3.2030000000000003,0.517,0.35,0.361,0.0,0.158,0.025,2019,Low,1
Central African Republic,155,3.083,0.0,0.026000000000000002,0.105,0.225,0.235,0.035,2019,Low,1
South Sudan,156,2.853,0.575,0.306,0.295,0.01,0.20199999999999999,0.091,2019,Low,1
